*************************************************
******************* ORCA 6.1.1 ******************
*************************************************
$Calculation_Status
   &GeometryIndex 4
   &version [&Type "String"] "6.1.1"
   &progName [&Type "String"] "LeanSCF"
   &Status [&Type "String"] "NORMAL TERMINATION"
$End
$Geometry
   &GeometryIndex 1
   &NAtoms [&Type "Integer"] 17
   &NCorelessECP [&Type "Integer"] 0
   &NGhostAtoms [&Type "Integer"] 0
   &CartesianCoordinates [&Type "Coordinates", &Dim(17,4), &Units "Bohr"] 
              C      5.445343459249    1.100933960991   -0.852366887548
              S      3.394178267371   -0.795673572852    1.111014081443
              O      4.412365240561   -2.514976531728    3.214333182384
              C      0.177468489812   -0.490900450597    0.475865468222
              C     -1.493580822460   -1.868758356349    2.020437545742
              C     -4.085025708013   -1.677420618419    1.585400479917
              C     -5.031882228175   -0.140717530597   -0.351009618492
              C     -3.345366603537    1.212076899647   -1.873420348516
              C     -0.739106794218    1.052258168467   -1.488588770727
              H      5.635246819454    0.295289210399   -2.812045032666
              H      4.763831662551    3.113921790573   -0.881831459634
              H      7.312794011730    0.982937476977    0.179100287226
              H     -0.734740544191   -3.058890886855    3.524705619866
              H     -5.383485428543   -2.750642010218    2.782618500767
              H     -7.065923326539   -0.004373601062   -0.675193478472
              H     -4.058497052244    2.411438852591   -3.397801344801
              H      0.547543328502    2.106560321411   -2.711273912588
$End
$SCF_Mulliken_Population_Analysis
   &GeometryIndex 1
   &NAtoms [&Type "Integer"] 17
   &ATNO [&Type "ArrayOfIntegers", &Dim (17,1)] 
                                                         0

0                                                        6
1                                                       16
2                                                        8
3                                                        6
4                                                        6
5                                                        6
6                                                        6
7                                                        6
8                                                        6
9                                                        1
10                                                       1
11                                                       1
12                                                       1
13                                                       1
14                                                       1
15                                                       1
16                                                       1
   &AtomicCharges [&Type "ArrayOfDoubles", &Dim (17,1)] 
                                                         0

0                                     -6.5170628367566152e-02
1                                      3.4512023752656695e-01
2                                     -5.2674622314656361e-01
3                                     -2.5621430893352226e-05
4                                     -5.0611784062262188e-03
5                                      2.3347474681128411e-02
6                                      1.7653496341069719e-02
7                                      2.1433861755523864e-02
8                                     -2.0534402695297160e-02
9                                      8.9649000342811092e-02
10                                     8.7460953091903493e-02
11                                     9.4510032533912103e-02
12                                     4.1763278396456105e-03
13                                    -7.9539086992843622e-03
14                                    -1.6414701923483710e-02
15                                    -1.3333453778703319e-02
16                                    -2.8111265664502394e-02
   &Method [&Type "String"] "SCF"
   &Level [&Type "String"] "Relaxed density"
   &Mult [&Type "Integer"] 1
   &State [&Type "Integer"] -1
   &Irrep [&Type "Integer"] 0
$End
$SCF_Loewdin_Population_Analysis
   &GeometryIndex 1
   &NAtoms [&Type "Integer"] 17
   &ATNO [&Type "ArrayOfIntegers", &Dim (17,1)] 
                                                         0

0                                                        6
1                                                       16
2                                                        8
3                                                        6
4                                                        6
5                                                        6
6                                                        6
7                                                        6
8                                                        6
9                                                        1
10                                                       1
11                                                       1
12                                                       1
13                                                       1
14                                                       1
15                                                       1
16                                                       1
   &AtomicCharges [&Type "ArrayOfDoubles", &Dim (17,1)] 
                                                         0

0                                     -1.5402540352413929e-01
1                                      8.0265897852922308e-01
2                                     -5.8677241059744212e-01
3                                     -1.6142657523307413e-01
4                                     -4.8961309026182676e-02
5                                     -9.2833361693260841e-03
6                                     -4.7317348897583322e-02
7                                     -1.3341139326691120e-02
8                                     -7.0029950713467848e-02
9                                      3.9334879786374843e-02
10                                     4.3421670124318745e-02
11                                     6.0035446622000999e-02
12                                     3.4805322529144478e-02
13                                     3.1488113300187859e-02
14                                     2.7013877948430021e-02
15                                     2.9618629627952808e-02
16                                     2.2780555020286530e-02
   &Method [&Type "String"] "SCF"
   &Level [&Type "String"] "Relaxed density"
   &Mult [&Type "Integer"] 1
   &State [&Type "Integer"] -1
   &Irrep [&Type "Integer"] 0
$End
$SCF_Mayer_Population_Analysis
   &GeometryIndex 1
   &NAtoms [&Type "Integer"] 17 "Total number of atoms"
   &NBondOrdersPrint [&Type "Integer"] 17 "The number of bond orders larger than threshold"
   &bondThresh [&Type "Double"]       1.0000000000000001e-01  "The threshold for printing"
   &components [&Type "ArrayOfIntegers", &Dim (17,4)] "The indices and atomic numbers of the bonding atoms"
                                                         0                           1                           2                           3

0                                                        0                           6                           1                          16
1                                                        0                           6                           9                           1
2                                                        0                           6                          10                           1
3                                                        0                           6                          11                           1
4                                                        1                          16                           2                           8
5                                                        1                          16                           3                           6
6                                                        3                           6                           4                           6
7                                                        3                           6                           8                           6
8                                                        4                           6                           5                           6
9                                                        4                           6                          12                           1
10                                                       5                           6                           6                           6
11                                                       5                           6                          13                           1
12                                                       6                           6                           7                           6
13                                                       6                           6                          14                           1
14                                                       7                           6                           8                           6
15                                                       7                           6                          15                           1
16                                                       8                           6                          16                           1
   &BondOrders [&Type "ArrayOfDoubles", &Dim (17,1)] "The bond orders"
                                                         0

0                                      8.9818648209861118e-01
1                                      9.5188530846450303e-01
2                                      9.4684497963133096e-01
3                                      9.5008045734160118e-01
4                                      1.4396889184003754e+00
5                                      9.0758165283027870e-01
6                                      1.3311928945131926e+00
7                                      1.3166334534164610e+00
8                                      1.4102421224839927e+00
9                                      9.8517784825533006e-01
10                                     1.3665844102786580e+00
11                                     9.8225957062387204e-01
12                                     1.3807849937752095e+00
13                                     9.8601013317945674e-01
14                                     1.4194065677925014e+00
15                                     9.7744614106257599e-01
16                                     9.7769133934594410e-01
   &ATNO [&Type "ArrayOfIntegers", &Dim (17,1)] "Atomic number of the elements"
                                                         0

0                                                        6
1                                                       16
2                                                        8
3                                                        6
4                                                        6
5                                                        6
6                                                        6
7                                                        6
8                                                        6
9                                                        1
10                                                       1
11                                                       1
12                                                       1
13                                                       1
14                                                       1
15                                                       1
16                                                       1
   &NA [&Type "ArrayOfDoubles", &Dim (17,1)] "Mulliken gross atomic population"
                                                         0

0                                      6.0651706283675537e+00
1                                      1.5654879762473429e+01
2                                      8.5267462231465441e+00
3                                      6.0000256214309005e+00
4                                      6.0050611784062253e+00
5                                      5.9766525253188716e+00
6                                      5.9823465036589285e+00
7                                      5.9785661382444619e+00
8                                      6.0205344026953025e+00
9                                      9.1035099965718946e-01
10                                     9.1253904690809762e-01
11                                     9.0548996746608734e-01
12                                     9.9582367216035483e-01
13                                     1.0079539086992846e+00
14                                     1.0164147019234848e+00
15                                     1.0133334537787027e+00
16                                     1.0281112656645022e+00
   &ZA [&Type "ArrayOfDoubles", &Dim (17,1)] "Total nuclear charge"
                                                         0

0                                      6.0000000000000000e+00
1                                      1.6000000000000000e+01
2                                      8.0000000000000000e+00
3                                      6.0000000000000000e+00
4                                      6.0000000000000000e+00
5                                      6.0000000000000000e+00
6                                      6.0000000000000000e+00
7                                      6.0000000000000000e+00
8                                      6.0000000000000000e+00
9                                      1.0000000000000000e+00
10                                     1.0000000000000000e+00
11                                     1.0000000000000000e+00
12                                     1.0000000000000000e+00
13                                     1.0000000000000000e+00
14                                     1.0000000000000000e+00
15                                     1.0000000000000000e+00
16                                     1.0000000000000000e+00
   &QA [&Type "ArrayOfDoubles", &Dim (17,1)] "Mulliken gross atomic charge"
                                                         0

0                                     -6.5170628367553718e-02
1                                      3.4512023752657051e-01
2                                     -5.2674622314654407e-01
3                                     -2.5621430900457653e-05
4                                     -5.0611784062253307e-03
5                                      2.3347474681128411e-02
6                                      1.7653496341071495e-02
7                                      2.1433861755538075e-02
8                                     -2.0534402695302489e-02
9                                      8.9649000342810536e-02
10                                     8.7460953091902383e-02
11                                     9.4510032533912658e-02
12                                     4.1763278396451664e-03
13                                    -7.9539086992845842e-03
14                                    -1.6414701923484820e-02
15                                    -1.3333453778702653e-02
16                                    -2.8111265664502172e-02
   &VA [&Type "ArrayOfDoubles", &Dim (17,1)] "Mayer's total valence"
                                                         0

0                                      3.8804516680347962e+00
1                                      3.4174319117393770e+00
2                                      1.7310001135776307e+00
3                                      3.7761844534250053e+00
4                                      3.8896905887764599e+00
5                                      3.8700643598647688e+00
6                                      3.8219979390490093e+00
7                                      3.8991833752535028e+00
8                                      3.8771630987648775e+00
9                                      9.7060121645189301e-01
10                                     9.7944036602914220e-01
11                                     1.0022427836548162e+00
12                                     1.0113223149620041e+00
13                                     9.7898197693541311e-01
14                                     9.7887649081486716e-01
15                                     9.7819731640381091e-01
16                                     9.9252949148567471e-01
   &BVA [&Type "ArrayOfDoubles", &Dim (17,1)] "Mayer's bonded valence"
                                                         0

0                                      3.8804516680347487e+00
1                                      3.4174319117393712e+00
2                                      1.7310001135776198e+00
3                                      3.7761844534250608e+00
4                                      3.8896905887764786e+00
5                                      3.8700643598647768e+00
6                                      3.8219979390490031e+00
7                                      3.8991833752535072e+00
8                                      3.8771630987648771e+00
9                                      9.7060121645188147e-01
10                                     9.7944036602913020e-01
11                                     1.0022427836548053e+00
12                                     1.0113223149620212e+00
13                                     9.7898197693540090e-01
14                                     9.7887649081486161e-01
15                                     9.7819731640380370e-01
16                                     9.9252949148567482e-01
   &FA [&Type "ArrayOfDoubles", &Dim (17,1)] "Mayer's free valence"
                                                         0

0                                      0.0000000000000000e+00
1                                      0.0000000000000000e+00
2                                      0.0000000000000000e+00
3                                      0.0000000000000000e+00
4                                      0.0000000000000000e+00
5                                      0.0000000000000000e+00
6                                      0.0000000000000000e+00
7                                      0.0000000000000000e+00
8                                      0.0000000000000000e+00
9                                      0.0000000000000000e+00
10                                     0.0000000000000000e+00
11                                     0.0000000000000000e+00
12                                     0.0000000000000000e+00
13                                     0.0000000000000000e+00
14                                     0.0000000000000000e+00
15                                     0.0000000000000000e+00
16                                     0.0000000000000000e+00
   &Method [&Type "String"] "SCF"
   &Level [&Type "String"] "Relaxed density"
   &Mult [&Type "Integer"] 1
   &State [&Type "Integer"] -1
   &Irrep [&Type "Integer"] 0
$End
$SCF_Energy
   &GeometryIndex 1
   &Method [&Type "String"] "SCF"
   &totalEnergy [&Type "ArrayOfDoubles", &Dim (1,1)] "Total energy of each state"
                                                         0

0                                     -7.4421571675999485e+02
   &Mult [&Type "ArrayOfIntegers", &Dim (1,1)] "Multiplicity of each state"
                                                         0

0                                                        1
$End
$DFT_Energy
   &GeometryIndex 1
   &nAlphaEl [&Type "Integer"] 37
   &nBetaEl [&Type "Integer"] 37
   &nTotalEl [&Type "Integer"] 74
   &finalEn [&Type "Double"]      -7.4421571675999485e+02  "No Van der Waals correction"
   &eExchange [&Type "Double"]      -5.7385612934668991e+01
   &eCorr [&Type "Double"]      -3.0646701487745704e+00
   &eXC [&Type "Double"]      -6.0450283083443558e+01
   &eCNL [&Type "Double"]       0.0000000000000000e+00
$End
$SCF_Timings
   &GeometryIndex 1
   &TOTAL [&Type "Double"]       4.8475000000000001e+01
   &PREP [&Type "Double"]       1.2800000000000000e-01
   &FOCK [&Type "Double"]       4.5167999999999999e+01
   &DENS [&Type "Double"]       2.3499999999998522e-01
   &ETOT [&Type "Double"]       1.8400000000000283e-01
   &POP [&Type "Double"]       7.3000000000000398e-02
   &TRAFO [&Type "Double"]       2.9000000000005244e-02
   &DIIS [&Type "Double"]       2.2900000000000009e-01
   &SOSCF [&Type "Double"]       3.7500000000000355e-01
   &XC [&Type "Double"]       8.5330000000000030e+00
   &FOCKSTART [&Type "Double"]       4.9999999999942313e-03
   &INT_BF [&Type "Double"]       2.9179999999998882e+00
   &INT_DENS [&Type "Double"]       1.6359999999999548e+00
   &INT_DENSIO [&Type "Double"]       4.3912544999999995e+05
   &INT_FUNC [&Type "Double"]       3.9200000000001944e-01
   &INT_POT [&Type "Double"]       3.0170000000001878e+00
   &INT_POTIO [&Type "Double"]       1.5799999999993819e-01
   &SPLITRIJ [&Type "Double"]       3.5189999999999970e+00
   &COSX [&Type "Double"]       3.4895999999999994e+01
$End
$Single_Point_Data
   &GeometryIndex 1
   &FinalEnergy [&Type "Double"]      -7.4421571675999485e+02  "Final single point energy"
   &Converged [&Type "Boolean"] true
$End
$SCF_Nuc_Gradient
   &GeometryIndex 1
   &NAtoms [&Type "Integer"] 17
   &gradNorm [&Type "Double"]       3.1621370204970405e-02
   &grad [&Type "ArrayOfDoubles", &Dim (51,1)] 
                                                         0

0                                     -1.1354396589156115e-02
1                                     -5.0975946687904766e-03
2                                      2.0718399832582880e-03
3                                     -5.8957916829666807e-04
4                                      9.7502500622043131e-05
5                                      2.2089049287424278e-05
6                                      1.3799954739407427e-04
7                                     -2.6462311969474572e-04
8                                      2.8041851785701177e-04
9                                      9.9845725362174287e-05
10                                    -1.1761631835790337e-04
11                                     9.9434748143185231e-05
12                                     1.4335520079632874e-05
13                                     1.8338446323592356e-05
14                                     6.4010468543040933e-05
15                                    -3.2586937081392764e-05
16                                    -9.8468968176071425e-06
17                                     2.4848406671974799e-05
18                                    -5.7520573296825084e-05
19                                     2.6305683845548669e-05
20                                     8.1979517608133691e-05
21                                     4.3111419427074860e-05
22                                     7.4749716091108975e-05
23                                    -6.3964316271876431e-05
24                                     1.0799993244926115e-04
25                                    -5.4647549227657827e-05
26                                     2.0142219567904907e-04
27                                     8.5932056373073246e-04
28                                    -7.2971603091811221e-03
29                                    -1.3546820746983074e-02
30                                    -5.7702342425953040e-03
31                                     1.4145103651006324e-02
32                                     1.0807374445148312e-03
33                                     1.6314850473922810e-02
34                                    -1.5263353060230699e-03
35                                     9.9662683131005597e-03
36                                     1.1172666281866750e-06
37                                    -6.8564159949324743e-05
38                                    -1.7663808368845180e-05
39                                    -5.4435538811792306e-05
40                                    -9.8178053889952377e-05
41                                    -1.7268309700543827e-05
42                                    -1.8360802552491728e-05
43                                    -1.9299315868154948e-05
44                                     1.2734883891585280e-06
45                                    -2.8276743334332277e-06
46                                     1.3294729658469562e-05
47                                    -4.0646362366281164e-05
48                                     3.0136112466247478e-04
49                                     1.7857090580412904e-04
50                                    -2.0795850683874573e-04
   &Method [&Type "String"] "SCF"
   &Level [&Type "String"] "Relaxed density"
   &Mult [&Type "Integer"] 1
   &State [&Type "Integer"] 0
   &Irrep [&Type "Integer"] 0
$End
$THERMOCHEMISTRY_Energies
   &GeometryIndex 1
   &temperature [&Type "Double"]       2.9814999999999998e+02
   &pressure [&Type "Double"]       1.0000000000000000e+00
   &totalMass [&Type "Double"]       1.4019999999999999e+02
   &spinDegeneracy [&Type "Integer"] 1
   &elEnergy [&Type "Double"]      -7.4421571675999485e+02
   &transEnergy [&Type "Double"]       1.4162714244859817e-03
   &rotEnergy [&Type "Double"]       1.4162714244859817e-03
   &vibEnergy [&Type "Double"]       5.0345344449064392e-03
   &numOfFreqs [&Type "Integer"] 51
   &freqScalingFactor [&Type "Double"]       1.0000000000000000e+00
   &FREQ [&Type "ArrayOfDoubles", &Units "cm^-1", &Dim (51,1)] 
                                                         0

0                                      0.0000000000000000e+00
1                                      0.0000000000000000e+00
2                                      0.0000000000000000e+00
3                                      0.0000000000000000e+00
4                                      0.0000000000000000e+00
5                                      0.0000000000000000e+00
6                                     -5.3084250514160567e+02
7                                      8.7272739576003630e+01
8                                      1.5100323649308089e+02
9                                      1.5993983656369363e+02
10                                     2.6072389831729998e+02
11                                     3.6296111572329295e+02
12                                     4.0672049987111649e+02
13                                     4.1791993294136989e+02
14                                     4.5558371417946171e+02
15                                     4.6689272165733018e+02
16                                     6.2328239879818796e+02
17                                     6.5972424547342575e+02
18                                     7.0924437889216995e+02
19                                     7.3867855665010313e+02
20                                     7.5391170552008452e+02
21                                     8.3593507483712983e+02
22                                     8.9871135104661948e+02
23                                     9.7089570547506958e+02
24                                     9.9158162167729245e+02
25                                     1.0022825419786618e+03
26                                     1.0147040559160157e+03
27                                     1.0199695746698516e+03
28                                     1.0423442878051130e+03
29                                     1.0598380323103288e+03
30                                     1.1047309754097248e+03
31                                     1.1314296083900140e+03
32                                     1.1673971289193455e+03
33                                     1.1895538414089106e+03
34                                     1.3184860763988809e+03
35                                     1.3578130090788745e+03
36                                     1.3637631720166878e+03
37                                     1.4510203172916852e+03
38                                     1.4656164575879018e+03
39                                     1.4744693526453170e+03
40                                     1.4957207040457581e+03
41                                     1.6177789023566754e+03
42                                     1.6372546863782934e+03
43                                     2.8009336051855585e+03
44                                     2.8957466393736531e+03
45                                     2.9150565777207344e+03
46                                     3.1721001761961729e+03
47                                     3.1788358054620762e+03
48                                     3.1904662425709630e+03
49                                     3.1995371911293664e+03
50                                     3.2080431466127047e+03
   &zpe [&Type "Double"]       1.3082576916417138e-01
   &innerEnergyU [&Type "Double"]      -7.4407702391353689e+02
   &enthalpyH [&Type "Double"]      -7.4407607970449465e+02
   &qEl [&Type "Double"]       0.0000000000000000e+00
   &qRot [&Type "Double"]       1.3972310589003703e-02
   &qVib [&Type "Double"]       8.2750748758964165e-03
   &qTrans [&Type "Double"]       1.9349799934510730e-02
   &entropyS [&Type "Double"]       4.1597185399410853e-02
   &freeEnergyG [&Type "Double"]      -7.4411767688989403e+02
   &isLinear [&Type "Boolean"] false
$End
$Hessian
   &GeometryIndex 1
   &HESSIAN [&Type "ArrayOfDoubles", &Dim (51,51)] "The Hessian"
                                                         0                           1                           2                           3                           4                           5                           6                           7

0                                      4.1329612636916846e-01        -7.4385170053454963e-02         6.2799154886020017e-02        -8.0930796047492620e-02        -2.3799882992138310e-02         1.6208177335805596e-02         8.0429007431562609e-03         7.3307563495620459e-03
1                                     -7.4385170053454963e-02         4.3656724281746462e-01         3.4238575038315844e-02        -2.6809148007301470e-02        -2.5323263605877819e-02         8.4463525127528721e-02        -4.8022528076976934e-03        -1.6879125745560046e-02
2                                      6.2799154886020017e-02         3.4238575038315844e-02         4.5322880016268996e-01         2.5526292152370206e-02         8.4504688743522932e-02        -5.2775572016282954e-02         7.3746281019061270e-03        -1.2723197638015379e-02
3                                     -8.0930796047492620e-02        -2.6809148007301470e-02         2.5526292152370206e-02         4.3088035725334023e-01        -3.4221001425450884e-02         9.6956114689026512e-02        -9.5894802921211775e-02         7.8877517262248967e-02
4                                     -2.3799882992138310e-02        -2.5323263605877819e-02         8.4504688743522932e-02        -3.4221001425450884e-02         1.3016028528912418e-01        -3.9533532732122223e-01         6.7009593417799371e-02        -9.8530502023318561e-02
5                                      1.6208177335805596e-02         8.4463525127528721e-02        -5.2775572016282954e-02         9.6956114689026512e-02        -3.9533532732122223e-01         2.6825805108053968e-01        -9.4256011354028432e-02         2.1373094821919433e-01
6                                      8.0429007431562609e-03        -4.8022528076976934e-03         7.3746281019061270e-03        -9.5894802921211775e-02         6.7009593417799371e-02        -9.4256011354028432e-02         7.8791788065918800e-02        -7.6190212244969135e-02
7                                      7.3307563495620459e-03        -1.6879125745560046e-02        -1.2723197638015379e-02         7.8877517262248967e-02        -9.8530502023318561e-02         2.1373094821919433e-01        -7.6190212244969135e-02         1.2961603433659077e-01
8                                     -2.9049559206208893e-03        -1.5114229966286984e-02        -9.9922560120203063e-03        -1.1068577817498296e-01         2.1508880920006759e-01        -1.8071330016162873e-01         9.9541691448364389e-02        -1.8645964817039506e-01
9                                     -5.1684383342140150e-03         4.8375163627553119e-03        -5.4177848402372775e-03        -1.6658886775967674e-01         1.3228126228276214e-02        -3.5108923544027247e-02         9.3414504989477939e-03        -1.4270042703105144e-02
10                                    -1.0455779327745865e-02        -1.0251868147944805e-02        -2.2540643193114836e-02         5.4917392819796677e-03        -4.1729087931317993e-03         7.4599782236956361e-02         1.1692020020373294e-02        -1.2897095537397195e-02
11                                     1.3159740380234462e-02        -2.0586853486383186e-02        -4.3652761076046973e-03        -2.4890576965783243e-02         7.5303759065500436e-02        -3.1197173710922371e-02        -1.0609529780163262e-02        -1.8558663390313170e-02
12                                    -2.1633916955517661e-03         2.3917581617212188e-03        -2.2751232266378044e-03        -4.2933828380739787e-02        -2.1788450494102538e-02         2.2153763523498172e-02         1.7965931095986869e-03         3.6742317296276131e-03
13                                     3.2056261636083314e-03         4.4393461972399564e-05         2.5153329803985409e-03        -8.2147720104723647e-03         5.6797599822631419e-03        -2.8053372334118955e-03        -1.5617980464437561e-03         1.2098078427574908e-03
14                                    -4.1718822574072466e-03         1.9965950754623043e-03        -1.0262470944879423e-03         6.3046319713535477e-03        -4.0691024158863685e-03         9.1077257858637496e-03         1.9665572781175809e-03        -1.7289587300469986e-03
15                                    -1.3097699589110752e-03         4.0511900955441532e-04        -1.2738046129216116e-03         6.4037225606125431e-03         1.5144497936225882e-03        -1.2834673332959724e-03        -3.5727175173459746e-04        -1.6540208023227156e-03
16                                    -1.2944465592635919e-03         1.7262146678818466e-03         1.5410330401914780e-03        -7.0118288845175819e-04        -4.6526674318409841e-03         3.2107088069539998e-03         1.0378814380644255e-03         1.4876833963141263e-03
17                                     1.5322614711684222e-03         1.2946886376262008e-03         1.2098827370368263e-03         1.1272257948741699e-03         3.5255037377182269e-03        -6.1318253166282241e-03        -1.3214908776168594e-03         2.7904193100816840e-05
18                                     1.2962451877280433e-03         4.4456552937665239e-04        -3.8403587667612668e-04        -5.8325474619808871e-03        -1.5233948558164439e-03         1.1204982059095489e-03        -7.9802593321848367e-04         2.7480183982499288e-03
19                                    -6.6402547328938769e-05         2.1028113300019919e-04        -6.2507860562942340e-04         1.1241660785666074e-03         1.3913692897525053e-03        -1.8383347368444668e-03        -7.9082833661028558e-04        -5.1294360879648634e-05
20                                     1.5120132026341237e-04        -3.6181877622024604e-04         5.2077237369669985e-04        -1.7000649245183502e-03        -1.9045106276853396e-03         2.2610381070355253e-03         9.2598412616563613e-04        -1.9130841463232842e-04
21                                    -1.0294703063500410e-03        -6.5150041833391065e-04         4.6506038505232617e-04         4.8996539709451328e-03        -4.9898084969998181e-04         1.7763325370591079e-03         1.9960058429345845e-03        -3.2614771873035030e-03
22                                    -6.0441815741644925e-04         1.3650769088855031e-03         9.6130189193777073e-04        -1.5181461930262440e-03        -6.0132981403326355e-03         1.8380294205725971e-03         1.4129089285672693e-03         2.5144665195864155e-03
23                                     1.4964524726599897e-04         1.3843777063987386e-03         8.7758246504194247e-04         2.8244133419377837e-03         2.0518936653334376e-03        -6.3846792659741289e-03        -1.8857760337640896e-03         1.2448591444950770e-03
24                                     2.6175128929944815e-03        -7.7231763443209997e-04         1.2562431080402159e-04        -2.2123708274129416e-02         2.0244201145764990e-02        -2.5906462316475601e-02        -5.6750688533879880e-03         2.6949966197526111e-03
25                                    -7.9905335700755588e-04         1.3216282545974900e-03        -1.1151494449927290e-03         1.1425139782959913e-02         3.9119726061245270e-03        -8.2358206677009271e-04        -7.7824114411022629e-04        -2.5437510119217413e-03
26                                     9.6806787901740203e-04        -1.2881409316678788e-03         1.7259078172042275e-03        -1.6121894553488614e-02        -3.0225831046069851e-04         1.3550537213722061e-03         5.4605410331389425e-04         4.6641353523090871e-03
27                                    -4.7283628688176635e-02         1.5721985729025556e-02         1.4607382182916035e-02        -7.5105846817943465e-03        -1.0094125548050467e-02         8.4916080983676936e-03         6.0057650755586324e-04         2.7397591556834922e-03
28                                     9.7103060756765953e-03        -8.4492812611467599e-02        -8.2152688860150022e-02        -4.4515586877732979e-03        -3.0101578216724188e-03         1.1674680704190912e-02        -3.8497326651301721e-04         1.6857574276751336e-03
29                                     9.5300319081033195e-03        -8.9328619566880360e-02        -2.3805344661180192e-01         6.7483459903281071e-03         1.0744598362435080e-02        -2.1091499653876303e-03        -5.4929154491889119e-04        -1.8831598581488117e-03
30                                    -6.9941921213762762e-02         7.1228955945020975e-02        -4.6849979236459876e-03         3.7411985926925385e-04        -1.0461162114502078e-02         1.2551185958815048e-02        -3.8581310378803203e-04        -4.3382328117556948e-03
31                                     7.8211912334408218e-02        -2.5379571302458337e-01        -6.6310771660163526e-03        -3.2483541102422825e-03        -2.6966004329258605e-03         1.2489554395516918e-02         1.2377662452511254e-04        -3.5475035795416586e-03
32                                    -1.0707837723780600e-03        -1.1726780778632099e-03        -4.8256848808193947e-02        -3.5680967746877634e-03         9.6834524330628637e-03        -8.8623898906709710e-03         1.3221327602793483e-03         4.5972320345164892e-03
33                                    -2.1603960696110863e-01         1.1887553365016360e-02        -9.6005086548430818e-02        -2.0850806304415659e-02         2.9832290377440826e-03        -5.7320473786494387e-03         3.1597255262607398e-03        -5.1655852669097932e-05
34                                     1.3182798763431277e-02        -4.8031319826934107e-02         3.5437700303692500e-03        -1.7362353436428678e-02         1.4244336011976551e-03        -5.8335478493343838e-03         2.1866949823156493e-03        -2.8790218684807806e-04
35                                    -9.6818947976992795e-02         5.4223633462362033e-03        -1.0157094056131573e-01         1.7467679232544706e-02        -3.1599205963197684e-03         7.0181915521616706e-03        -1.8263321617644230e-03        -3.7566339351587097e-04
36                                    -2.2383644408367049e-04         3.2554168921696978e-04        -3.2247501420891531e-04        -8.0070358993664017e-04        -3.0460892348636009e-03         3.5382700564360833e-03        -1.0853680100908134e-04         1.6615084303472517e-03
37                                    -8.8549157301549657e-05        -7.8006484508073154e-04        -7.1227504912498366e-04         6.7324099373987454e-04        -2.6751419281588170e-04         2.1678875519551594e-03         8.2724510119675920e-04        -4.8859864766213901e-04
38                                     3.3450916096226194e-05        -6.0493889112679699e-04        -6.6155556605878110e-04        -9.2029907485629506e-04         1.8668628209389344e-03        -7.9022878386727667e-04        -9.0403067309544061e-04        -1.3960594203134809e-03
39                                    -4.5505445292538696e-04         2.5613266005332749e-04        -3.1385789847107674e-04         1.7948283672480176e-04        -8.8617141032104846e-04         1.0008473487849441e-03        -9.1378269888509576e-05         1.2312588593657667e-04
40                                     1.5275632750186231e-04        -1.0199486166578809e-04        -1.3626426752394430e-04        -3.7775027213048963e-05         2.7421144812729505e-04         1.6483953887278966e-04        -4.3244246034379076e-05         9.5963699505080286e-05
41                                    -1.9435606369661967e-04        -8.9138616554594271e-05        -1.3056687686475736e-04         2.0063052079558399e-06         1.1095508061848014e-04         2.8073609237286605e-04         4.1384357275655887e-05        -3.7988342565319078e-05
42                                    -6.7328314207962671e-05         1.7867184398999078e-05        -3.5851438807253167e-05         2.3844177908126938e-04         3.2498433186118215e-05        -4.2615364952240491e-05        -1.2443615871867136e-04        -3.3459689260879714e-05
43                                     3.5565882224811775e-05        -3.2152685760174449e-04        -1.4960180992900190e-04        -1.1188519787481776e-05         2.2499820259402702e-04         1.7853268155715166e-04         3.7238827344105048e-05        -1.6215115112045293e-04
44                                     3.6085409287757133e-05        -1.9207704612165120e-04        -1.5640830301362298e-04        -3.8534297051991085e-06         2.1280128227689377e-04         1.0440637450698643e-04        -5.3004613979150449e-05        -2.5870545118370696e-04
45                                     1.3964585436089056e-05         3.3246313784358536e-05        -4.8338516315702199e-05         4.4120549877061277e-04         8.5425895392696866e-04        -9.7175921657722663e-04        -4.6784527577412309e-04        -9.6504659572658070e-05
46                                    -4.1392525953592459e-05         8.1030888770458869e-06         8.5370156638982144e-05        -5.1475942972726207e-05         3.5116006299616546e-04         1.0992697060160212e-04         2.0074090091746913e-05        -1.1989729499006351e-04
47                                     1.3683140835807925e-05         8.9306100151893874e-05        -3.8074966200620300e-05         7.7967750999500401e-05         1.6707720916168847e-04         2.2833527588298104e-04        -6.5184356138289247e-05         1.2765278323349262e-05
48                                    -6.5350736169879245e-04        -1.1171336487499333e-04        -1.5601133645015437e-04         4.9661662633908245e-05         5.2450627478336858e-04        -4.4100411435159161e-04         1.7413877435851384e-04        -3.5075910790452903e-05
49                                    -3.1276688263133664e-04        -1.2652508059630900e-03        -5.8679218062936958e-04        -1.0364515105331616e-03         1.2487219597364962e-03         1.7731208142179773e-03         2.8488469244156850e-04        -1.1018916831894124e-03
50                                     5.9865131073119052e-04        -1.6823933886374017e-04        -5.3575263182440531e-04         8.0137953803498686e-04         1.7453104104023565e-03         3.5078112162657609e-04        -2.1051517673353415e-04        -8.8667878724928758e-04
                                                         8                           9                          10                          11                          12                          13                          14                          15

0                                     -2.9049559206208893e-03        -5.1684383342140150e-03        -1.0455779327745865e-02         1.3159740380234462e-02        -2.1633916955517661e-03         3.2056261636083314e-03        -4.1718822574072466e-03        -1.3097699589110752e-03
1                                     -1.5114229966286984e-02         4.8375163627553119e-03        -1.0251868147944805e-02        -2.0586853486383186e-02         2.3917581617212188e-03         4.4393461972399564e-05         1.9965950754623043e-03         4.0511900955441532e-04
2                                     -9.9922560120203063e-03        -5.4177848402372775e-03        -2.2540643193114836e-02        -4.3652761076046973e-03        -2.2751232266378044e-03         2.5153329803985409e-03        -1.0262470944879423e-03        -1.2738046129216116e-03
3                                     -1.1068577817498296e-01        -1.6658886775967674e-01         5.4917392819796677e-03        -2.4890576965783243e-02        -4.2933828380739787e-02        -8.2147720104723647e-03         6.3046319713535477e-03         6.4037225606125431e-03
4                                      2.1508880920006759e-01         1.3228126228276214e-02        -4.1729087931317993e-03         7.5303759065500436e-02        -2.1788450494102538e-02         5.6797599822631419e-03        -4.0691024158863685e-03         1.5144497936225882e-03
5                                     -1.8071330016162873e-01        -3.5108923544027247e-02         7.4599782236956361e-02        -3.1197173710922371e-02         2.2153763523498172e-02        -2.8053372334118955e-03         9.1077257858637496e-03        -1.2834673332959724e-03
6                                      9.9541691448364389e-02         9.3414504989477939e-03         1.1692020020373294e-02        -1.0609529780163262e-02         1.7965931095986869e-03        -1.5617980464437561e-03         1.9665572781175809e-03        -3.5727175173459746e-04
7                                     -1.8645964817039506e-01        -1.4270042703105144e-02        -1.2897095537397195e-02        -1.8558663390313170e-02         3.6742317296276131e-03         1.2098078427574908e-03        -1.7289587300469986e-03        -1.6540208023227156e-03
8                                      2.0092174559443132e-01         1.9806573103643095e-02        -1.5548545839442325e-02        -6.4145704950109555e-03        -4.0278765447974525e-03        -2.1939904564005001e-03         1.5109376194638044e-03         1.7772846526639906e-03
9                                      1.9806573103643095e-02         5.0091259179644076e-01         2.9103490936118068e-02        -1.5435629226244370e-03        -1.7376757301539647e-01        -7.5439588843794689e-02         8.2888943141582905e-02        -4.7852408275854470e-02
10                                    -1.5548545839442325e-02         2.9103490936118068e-02         3.2322785483596084e-01        -2.7634071012752409e-01        -4.7936633802790687e-02        -1.4363643504986484e-01         9.2278711963565935e-02        -4.2515808660018244e-02
11                                    -6.4145704950109555e-03        -1.5435629226244370e-03        -2.7634071012752409e-01         4.2915000367464573e-01         4.9278855261731869e-02         9.0243097618718973e-02        -1.6977694620841569e-01         4.7611545966641078e-02
12                                    -4.0278765447974525e-03        -1.7376757301539647e-01        -4.7936633802790687e-02         4.9278855261731869e-02         6.8954787012709973e-01        -8.0758374117036874e-03         5.4194354208680191e-02        -3.4815663682510251e-01
13                                    -2.1939904564005001e-03        -7.5439588843794689e-02        -1.4363643504986484e-01         9.0243097618718973e-02        -8.0758374117036874e-03         3.6535297767830804e-01        -2.8454036014221229e-01         3.5453779102792918e-02
14                                     1.5109376194638044e-03         8.2888943141582905e-02         9.2278711963565935e-02        -1.6977694620841569e-01         5.4194354208680191e-02        -2.8454036014221229e-01         4.8173040877855866e-01        -6.5247145550792529e-02
15                                     1.7772846526639906e-03        -4.7852408275854470e-02        -4.2515808660018244e-02         4.7611545966641078e-02        -3.4815663682510251e-01         3.5453779102792918e-02        -6.5247145550792529e-02         7.0293921547642679e-01
16                                     2.2416866094508042e-04        -1.2877245736146358e-02         2.3018758643896246e-02        -1.7650080465821130e-02        -5.5833162528708853e-03        -8.9719660144541621e-02         3.0623246626706409e-02         4.2101961354032880e-02
17                                     1.4384095773514382e-03         1.1098545776570150e-02        -1.9774497074670251e-02         3.4690479352683171e-02        -1.5112170609666520e-02         3.3695084709534903e-02        -1.0666811908616626e-01        -7.4280584471179230e-03
18                                    -3.2416059527939005e-03         3.3870840596066099e-03        -7.9189658373522119e-03         1.0659779611513777e-02        -1.1239099574494538e-02         2.0578051226499198e-02        -2.6801016458069673e-02        -1.5315181336122852e-01
19                                    -4.2688076499774146e-04        -7.7113632121663979e-03        -3.2319057873031479e-02         2.9368820807379133e-02         5.1187805454369364e-02         1.4512378998446814e-02        -4.6268706453973796e-04         2.0257213805957214e-02
20                                    -5.2043832165567645e-05         1.0197510793589517e-02         2.9157034889911976e-02        -4.2960263231206164e-02        -6.4103368559927071e-02        -2.8526653278622104e-03         9.4255025682916452e-03        -3.1062445983705819e-02
21                                     3.6651114796164112e-03        -1.1693279497057313e-02         5.3892927560649187e-02        -6.7604215978413956e-02        -5.5830495647095316e-02        -1.3147758729361050e-02         1.2265898714317602e-02         5.9848067303903123e-02
22                                     1.8818246085615753e-03         2.3177675057031263e-02         1.3646432862315526e-02        -3.3264102580410002e-03        -1.6223262917251305e-02        -8.5399891822204536e-03         9.2765623251106835e-04         5.2855656091279676e-03
23                                     2.1309819164902532e-03        -3.0270337239720769e-02        -9.1119516744650464e-04         8.3178966812144407e-03         1.6323518436495529e-02         1.3307609953610439e-03        -6.8893490247264391e-03        -2.6967429091548784e-03
24                                    -4.3021996502915693e-03        -1.2699947546512041e-01         1.5831440080854173e-02        -2.4609179041351487e-02         5.4126925167702532e-02         2.1146686343165924e-03         9.0576711016862946e-04        -3.8146750129339997e-02
25                                     4.2582940927689099e-03         4.2449440667676100e-02        -1.5107430906033095e-01         1.1577745267825801e-01        -1.9382731769167990e-02        -1.2739801172898031e-02         2.4537904516149733e-02         1.5554993463194770e-02
26                                    -4.2446659976988184e-03        -5.7082674886531612e-02         1.1418731856511866e-01        -2.0358677447801379e-01         2.6777103559286981e-02         2.5858925952410551e-02        -2.1622376038566211e-02        -2.1405694053384570e-02
27                                     4.5350929031486020e-03         2.5398414519497694e-03         3.5821053366659082e-03         3.8802245404483057e-03        -1.3939272962027783e-03        -7.3685260222019935e-04         2.6407465127956326e-05         8.9223683151730404e-04
28                                     3.7635369886629359e-03         1.2907503136247323e-03         3.0093327528828554e-03         2.3607314941651229e-03        -5.4833710799816930e-04        -5.0805378386565984e-04         1.1848705001029519e-05         3.5414686613806552e-04
29                                    -3.9671921117901722e-03        -1.1144884213152989e-03        -2.4627951513636888e-03        -1.9662292225178252e-03         3.6148181858086225e-04         8.6687551197187941e-05        -4.9118272778674336e-05        -1.7358883199264960e-04
30                                    -2.4458300269113373e-03         3.4054232966748751e-03        -2.0304236136248835e-03        -2.9310279318244996e-03        -1.0407839875648146e-03        -3.4325862530560193e-04         8.2100708853606466e-04         9.4984663329036336e-04
31                                    -2.4654078078562985e-03         1.3273462511604484e-03        -1.5462607380644050e-03        -1.8641787199000111e-03        -2.0891414388517389e-04        -6.5876445688691496e-05         1.9303777984804103e-04         1.6008968706286253e-04
32                                     4.1436275363715240e-04        -1.1732794421381138e-03         7.5309392305392922e-04         2.2549084744170654e-03         1.1896046196632569e-04         1.4809237025808174e-04        -4.5165841765061756e-04        -2.2416575494043226e-04
33                                     1.8791793168000150e-04        -4.4448657160793895e-04        -3.6645481102285781e-03         1.9546438165366437e-03        -9.0817506353865285e-04         5.6111401629246535e-04        -8.3971765592860876e-04        -1.7143791299961567e-04
34                                     1.7800869954478181e-04        -2.3973601129451821e-05        -4.0553153489899258e-03         2.0988413204897196e-03        -1.3933754434800215e-03         6.7607341020592794e-04        -4.3195388534171374e-04         3.6560427044476206e-05
35                                     9.4247562209982122e-06         1.1371613315235901e-03         3.7969132130122323e-03        -2.8969429228219387e-03         1.3538367053772828e-03        -4.9972928600664152e-04         7.9547691276107032e-04         1.5106072759533582e-04
36                                    -1.9024511852567556e-03         1.2147757775437182e-02        -1.1471667172721547e-02         1.4743415448584488e-02        -9.4043709090954386e-02         5.9672243204702088e-02        -7.7095966722273243e-02        -5.0233600414492617e-03
37                                    -1.4484629709242067e-03         5.9489627001868342e-03        -5.3977405437741315e-03         9.8750816243360490e-03         5.8759907698697288e-02        -1.4088828680348509e-01         1.3180529352348358e-01        -9.7523492498752945e-04
38                                    -1.3037837193471957e-04        -6.1266899874026642e-03         8.5949491781560361e-03        -8.6185218167518611e-03        -7.6275823898039052e-02         1.3174908824263196e-01        -2.0200190375964738e-01         6.5183664834364552e-04
39                                    -1.5660988844130386e-04        -4.6986668719912559e-03         5.2663244004750275e-04        -1.5949574159424594e-03        -1.4288549008050558e-02        -1.6137512424852559e-02         1.8128291075807573e-02        -1.6829609109801086e-01
40                                    -4.4978742059088427e-05         7.2775845945819025e-04         4.8963941252502807e-03         2.8962829441778869e-03         2.8554672607031054e-03         5.0225432966366293e-03        -5.1450119189565009e-04        -9.2111601536042240e-02
41                                     1.0689062107952516e-04        -1.7945243908590106e-03         2.9539988590201729e-03         3.5598216058143270e-03        -5.0075159385621903e-03        -1.9782027395937284e-03         6.4389779617185852e-03         1.0137278756613252e-01
42                                     5.6778005943648735e-05         7.8927217607407604e-04        -1.2704670591736549e-04         2.7804613656754341e-04         1.2888772323194631e-03         1.1062107162888891e-03        -1.7335442056376233e-03        -6.0616239550991130e-03
43                                    -3.0090549812234092e-04        -1.4129795061350640e-04        -1.0277902510482568e-03         2.1109881058141851e-04         4.9786985553771767e-04         1.8035932792572278e-03         5.5018046212127348e-03         1.8360778010522716e-02
44                                    -9.6486535664866749e-05         3.3101282991936142e-04         1.7667494831709988e-04        -1.0456531647115215e-03        -1.0928639751320666e-03         5.5426143618515517e-03        -4.8099459799007477e-04        -2.2909288275450287e-02
45                                     4.9861186878253109e-05        -5.1237405688795380e-03        -1.3682522133305099e-04        -7.1735283515431646e-04        -7.0270461738537542e-04        -2.7788111525745474e-04         3.6971554702067030e-04        -2.1038236091261110e-03
46                                     2.0011399670773374e-05        -2.1423496674814659e-04         4.7084261564925671e-03         2.5134624140748492e-03        -3.1438877953510994e-04        -2.9652842168837183e-04        -7.2920383684046649e-04        -2.9622991613836415e-03
47                                    -1.2391676289265656e-04        -6.2477777138151853e-04         2.4526142856691486e-03         3.7391195058033410e-03         5.1184896639102609e-04        -6.9317923677263376e-04        -1.2706982891387986e-06         2.8514227343669572e-03
48                                     9.7310289375214520e-06         9.8135153046671059e-03         6.1303145216406452e-03        -7.0743996839456730e-03        -2.9139143464343431e-04         1.2213255513144929e-03        -1.9589386775466554e-03        -4.0210188689404017e-04
49                                    -1.1894160592969272e-03        -1.1406291689179488e-02        -6.1284180332205583e-03         7.6669299701683791e-03         2.1104491557256515e-03         2.0931030544050558e-03         4.5922317661541458e-03         7.0797257086324802e-04
50                                    -7.9794255786768721e-04         1.4805847862354487e-02         8.6386321909128413e-03        -8.8838779366012602e-03        -3.2023422623032333e-03         4.4022160965652996e-03        -4.1046427939100266e-05        -6.9663310418501554e-04
                                                        16                          17                          18                          19                          20                          21                          22                          23

0                                     -1.2944465592635919e-03         1.5322614711684222e-03         1.2962451877280433e-03        -6.6402547328938769e-05         1.5120132026341237e-04        -1.0294703063500410e-03        -6.0441815741644925e-04         1.4964524726599897e-04
1                                      1.7262146678818466e-03         1.2946886376262008e-03         4.4456552937665239e-04         2.1028113300019919e-04        -3.6181877622024604e-04        -6.5150041833391065e-04         1.3650769088855031e-03         1.3843777063987386e-03
2                                      1.5410330401914780e-03         1.2098827370368263e-03        -3.8403587667612668e-04        -6.2507860562942340e-04         5.2077237369669985e-04         4.6506038505232617e-04         9.6130189193777073e-04         8.7758246504194247e-04
3                                     -7.0118288845175819e-04         1.1272257948741699e-03        -5.8325474619808871e-03         1.1241660785666074e-03        -1.7000649245183502e-03         4.8996539709451328e-03        -1.5181461930262440e-03         2.8244133419377837e-03
4                                     -4.6526674318409841e-03         3.5255037377182269e-03        -1.5233948558164439e-03         1.3913692897525053e-03        -1.9045106276853396e-03        -4.9898084969998181e-04        -6.0132981403326355e-03         2.0518936653334376e-03
5                                      3.2107088069539998e-03        -6.1318253166282241e-03         1.1204982059095489e-03        -1.8383347368444668e-03         2.2610381070355253e-03         1.7763325370591079e-03         1.8380294205725971e-03        -6.3846792659741289e-03
6                                      1.0378814380644255e-03        -1.3214908776168594e-03        -7.9802593321848367e-04        -7.9082833661028558e-04         9.2598412616563613e-04         1.9960058429345845e-03         1.4129089285672693e-03        -1.8857760337640896e-03
7                                      1.4876833963141263e-03         2.7904193100816840e-05         2.7480183982499288e-03        -5.1294360879648634e-05        -1.9130841463232842e-04        -3.2614771873035030e-03         2.5144665195864155e-03         1.2448591444950770e-03
8                                      2.2416866094508042e-04         1.4384095773514382e-03        -3.2416059527939005e-03        -4.2688076499774146e-04        -5.2043832165567645e-05         3.6651114796164112e-03         1.8818246085615753e-03         2.1309819164902532e-03
9                                     -1.2877245736146358e-02         1.1098545776570150e-02         3.3870840596066099e-03        -7.7113632121663979e-03         1.0197510793589517e-02        -1.1693279497057313e-02         2.3177675057031263e-02        -3.0270337239720769e-02
10                                     2.3018758643896246e-02        -1.9774497074670251e-02        -7.9189658373522119e-03        -3.2319057873031479e-02         2.9157034889911976e-02         5.3892927560649187e-02         1.3646432862315526e-02        -9.1119516744650464e-04
11                                    -1.7650080465821130e-02         3.4690479352683171e-02         1.0659779611513777e-02         2.9368820807379133e-02        -4.2960263231206164e-02        -6.7604215978413956e-02        -3.3264102580410002e-03         8.3178966812144407e-03
12                                    -5.5833162528708853e-03        -1.5112170609666520e-02        -1.1239099574494538e-02         5.1187805454369364e-02        -6.4103368559927071e-02        -5.5830495647095316e-02        -1.6223262917251305e-02         1.6323518436495529e-02
13                                    -8.9719660144541621e-02         3.3695084709534903e-02         2.0578051226499198e-02         1.4512378998446814e-02        -2.8526653278622104e-03        -1.3147758729361050e-02        -8.5399891822204536e-03         1.3307609953610439e-03
14                                     3.0623246626706409e-02        -1.0666811908616626e-01        -2.6801016458069673e-02        -4.6268706453973796e-04         9.4255025682916452e-03         1.2265898714317602e-02         9.2765623251106835e-04        -6.8893490247264391e-03
15                                     4.2101961354032880e-02        -7.4280584471179230e-03        -1.5315181336122852e-01         2.0257213805957214e-02        -3.1062445983705819e-02         5.9848067303903123e-02         5.2855656091279676e-03        -2.6967429091548784e-03
16                                     3.7588048085235831e-01        -2.7801737679603333e-01         6.2099459534788376e-02        -1.6266914953048506e-01         1.2037081103545610e-01        -2.6219600073403893e-02        -1.7832427453670668e-02         3.1298164214162510e-02
17                                    -2.7801737679603333e-01         4.7991702196926761e-01        -8.2098967557935054e-02         1.1693260404992778e-01        -2.1521297186590382e-01         3.6083768290009186e-02         3.3652727933644953e-02        -2.8967665797163922e-02
18                                     6.2099459534788376e-02        -8.2098967557935054e-02         7.4366683947714363e-01         1.4969288862936395e-02         2.8529048012083898e-02        -2.1250930808864557e-01        -9.3013988752700005e-02         1.0212362153064709e-01
19                                    -1.6266914953048506e-01         1.1693260404992778e-01         1.4969288862936395e-02         3.4709469978984081e-01        -2.5936015715853655e-01        -5.1214799450136225e-02        -1.4664108821554037e-01         9.3710592421365535e-02
20                                     1.2037081103545610e-01        -2.1521297186590382e-01         2.8529048012083898e-02        -2.5936015715853655e-01         4.5033614518684822e-01         5.0808050383865724e-02         9.0335378848869455e-02        -1.7322008584396284e-01
21                                    -2.6219600073403893e-02         3.6083768290009186e-02        -2.1250930808864557e-01        -5.1214799450136225e-02         5.0808050383865724e-02         6.7826366839356056e-01         6.7442121132451176e-03         3.2033814743749119e-02
22                                    -1.7832427453670668e-02         3.3652727933644953e-02        -9.3013988752700005e-02        -1.4664108821554037e-01         9.0335378848869455e-02         6.7442121132451176e-03         3.7636490320459920e-01        -2.8852310016463056e-01
23                                     3.1298164214162510e-02        -2.8967665797163922e-02         1.0212362153064709e-01         9.3710592421365535e-02        -1.7322008584396284e-01         3.2033814743749119e-02        -2.8852310016463056e-01         4.9541947038946593e-01
24                                     1.9777923406700954e-02        -2.6649468853913571e-02        -4.4151124587761388e-02        -4.1618149628520000e-02         4.6890230932686260e-02        -3.4370133152533977e-01         3.1847586865469901e-02        -5.9571031144641740e-02
25                                    -1.2751774265800576e-02         8.5147226364781850e-03        -1.0362272423918684e-02         2.1682204176079273e-02        -1.4577125867511091e-02        -8.7795981216569098e-03        -8.5488220233215187e-02         2.9137865419855156e-02
26                                     8.7589214751814509e-03        -1.8962410818842545e-02         8.8899115835072429e-03        -1.6956473928175737e-02         3.1855037131844198e-02        -9.4430668884530403e-03         3.2311927287184447e-02        -1.0136584164244253e-01
27                                    -7.1183904592982345e-04         6.4828695252246016e-05        -1.7051033945387616e-04         5.2026542628139615e-04        -5.5438637275587524e-04        -3.5790022781677562e-04        -4.8089103952368896e-04        -4.0787648215297607e-04
28                                    -3.1017427139600189e-04        -1.6016305232496625e-04        -3.2073353746137393e-04         1.1730468828331057e-04        -1.4731673947111659e-04         6.4527369844559587e-05        -4.1405322980692658e-04        -1.8532199324133348e-04
29                                     1.0601128200830889e-04         3.1669293825085931e-04         4.0657521109438899e-04         3.9589647054765051e-06        -6.7535175733734283e-05        -3.5256491981566556e-04        -3.8829047988146406e-05         1.5120607511499558e-04
30                                     5.5408063676858012e-05         6.0067141241941144e-04        -1.2851939840575219e-04         5.2919219630643362e-04        -7.0952536369841743e-04        -6.7540372370110597e-04         6.1187235356343229e-04         6.2270698378220424e-04
31                                     3.2238451668617019e-04        -2.9541139391637129e-05        -3.2646859450475717e-04        -1.3044117225802232e-04         2.1596190476314654e-05         4.7358393838405760e-04         3.7946178471440830e-04        -2.5971796272651295e-04
32                                    -1.8999815105503502e-04        -3.9450557782148184e-05         2.9076296857399560e-04        -2.6727618719850602e-05         8.6553234954589987e-05        -7.2803953740284232e-05        -8.9184545196122831e-05        -1.3100753376621183e-04
33                                    -1.3474172367137772e-04         4.1573854518774691e-04         1.1874726485453069e-04        -1.8350249092745086e-05         2.5794999633398563e-06        -1.2124136976495218e-04         1.1036980090253226e-05        -5.2029324160577815e-05
34                                    -1.6161689319125580e-04         5.4616738848905816e-04         1.4179989356729518e-04         8.7088586827068089e-05        -1.5337178587632270e-04        -2.2037974205710883e-04         2.1677411285047981e-04        -4.4599158694041975e-05
35                                     1.6689150640405775e-04        -4.1110141589152817e-04        -7.0670617639588670e-05        -1.3207122089098621e-05         2.5177687856168000e-05         9.0543687123114053e-05        -9.2674608796678543e-05         8.3083398930968030e-05
36                                     1.7575548566472476e-02        -2.2057029669264275e-02        -5.0474495207200182e-03        -7.7862200797234812e-04        -2.0098884117459442e-06        -5.6806074717787741e-04        -3.2921512510716627e-04         4.1310505743138602e-04
37                                     3.2700082476161147e-03         4.0844019870274126e-04        -3.1076642747305747e-04         4.9464659734178894e-03         2.4592505851104424e-03        -5.5470952949029408e-04        -2.3775190374931065e-04        -5.8773043968974540e-04
38                                     1.8269297109118031e-03         1.4889284819792955e-03        -5.4492287157827980e-04         2.5161859708750355e-03         3.9055855042934391e-03         5.3918569790413658e-04        -6.0966161951021922e-04         8.0593446939247228e-05
39                                    -9.1869556684266163e-02         1.0115906508033186e-01         1.0597354676312735e-02         6.7523410514679083e-03        -7.6987397098553512e-03         1.8678815236140389e-04         1.3878517608198427e-03        -2.1954392769052266e-03
40                                    -1.2266401210560726e-01         9.3522186236922905e-02        -1.2723306964658206e-02        -3.9599448225162773e-03         9.2427561219556101e-03         1.9099175762637473e-03         2.4571849862629579e-03         5.2914999069651279e-03
41                                     9.3481184520764787e-02        -1.4467091697083903e-01         1.5888037444607719e-02         1.0709791413053598e-02        -7.2689560898918093e-03        -2.7306230612639268e-03         5.2939725678846986e-03         9.6036467584978413e-05
42                                    -1.4384155763961307e-03         1.0334528184632943e-03        -3.3247619039176957e-01         1.7538428695664555e-02        -4.4450711393615297e-02        -1.3885182997367344e-02         3.4462254411289084e-03        -5.4941230215451858e-03
43                                     2.3781750404793817e-03         1.9065059721337643e-03         1.7519443114612891e-02        -4.5024218927547439e-02         1.4445431855399572e-02        -1.6269864895840626e-02         4.2798260683837783e-03        -3.2599391354689354e-03
44                                     3.1611608399931615e-04         5.8662246766531768e-04        -4.4572465795849961e-02         1.4448794006906509e-02        -5.5264218146847094e-02         1.8591731106577039e-02        -1.6585152805889984e-03         6.1405161769705306e-03
45                                    -2.3804243325226309e-03         2.2101344517267679e-03         1.1023838044169889e-02        -1.1941026500144992e-02         1.5124803892030848e-02        -9.1034191514111878e-02         5.5180568822473887e-02        -7.1518535986433845e-02
46                                     3.1050316272474530e-03         4.2505016695230883e-03         7.4422385912869815e-03        -4.1086941259945164e-03         1.0948448142145947e-02         5.5466970013000508e-02        -1.4041948752525646e-01         1.2943552486552445e-01
47                                     4.3179597715415335e-03         1.6831001975046792e-03        -8.6974341669489620e-03         9.3245858153350666e-03        -7.7457985908979780e-03        -7.1689347401833386e-02         1.2954811172619143e-01        -2.0246738529308983e-01
48                                     5.8892189402691766e-04        -6.7340975929087521e-04        -4.5855200521368392e-03         1.2541509030689936e-03        -2.3545699914319564e-03        -1.3788318019276803e-02        -1.6945084506755838e-02         1.9611711140038509e-02
49                                    -4.2725489594623166e-04        -2.8137506907892134e-04         5.6372169992007989e-04         4.8620963926049397e-03         2.5591345799780619e-03         2.2760331861591959e-03         4.3621894361937268e-03        -1.1119935725022855e-03
50                                    -3.9877555462079555e-04        -2.6667589252171589e-04        -1.4907020431748803e-03         2.7026459984763112e-03         3.3760609817885365e-03        -4.4375198846218489e-03        -2.4144957376674193e-03         6.1286473833725586e-03
                                                        24                          25                          26                          27                          28                          29                          30                          31

0                                      2.6175128929944815e-03        -7.9905335700755588e-04         9.6806787901740203e-04        -4.7283628688176635e-02         9.7103060756765953e-03         9.5300319081033195e-03        -6.9941921213762762e-02         7.8211912334408218e-02
1                                     -7.7231763443209997e-04         1.3216282545974900e-03        -1.2881409316678788e-03         1.5721985729025556e-02        -8.4492812611467599e-02        -8.9328619566880360e-02         7.1228955945020975e-02        -2.5379571302458337e-01
2                                      1.2562431080402159e-04        -1.1151494449927290e-03         1.7259078172042275e-03         1.4607382182916035e-02        -8.2152688860150022e-02        -2.3805344661180192e-01        -4.6849979236459876e-03        -6.6310771660163526e-03
3                                     -2.2123708274129416e-02         1.1425139782959913e-02        -1.6121894553488614e-02        -7.5105846817943465e-03        -4.4515586877732979e-03         6.7483459903281071e-03         3.7411985926925385e-04        -3.2483541102422825e-03
4                                      2.0244201145764990e-02         3.9119726061245270e-03        -3.0225831046069851e-04        -1.0094125548050467e-02        -3.0101578216724188e-03         1.0744598362435080e-02        -1.0461162114502078e-02        -2.6966004329258605e-03
5                                     -2.5906462316475601e-02        -8.2358206677009271e-04         1.3550537213722061e-03         8.4916080983676936e-03         1.1674680704190912e-02        -2.1091499653876303e-03         1.2551185958815048e-02         1.2489554395516918e-02
6                                     -5.6750688533879880e-03        -7.7824114411022629e-04         5.4605410331389425e-04         6.0057650755586324e-04        -3.8497326651301721e-04        -5.4929154491889119e-04        -3.8581310378803203e-04         1.2377662452511254e-04
7                                      2.6949966197526111e-03        -2.5437510119217413e-03         4.6641353523090871e-03         2.7397591556834922e-03         1.6857574276751336e-03        -1.8831598581488117e-03        -4.3382328117556948e-03        -3.5475035795416586e-03
8                                     -4.3021996502915693e-03         4.2582940927689099e-03        -4.2446659976988184e-03         4.5350929031486020e-03         3.7635369886629359e-03        -3.9671921117901722e-03        -2.4458300269113373e-03        -2.4654078078562985e-03
9                                     -1.2699947546512041e-01         4.2449440667676100e-02        -5.7082674886531612e-02         2.5398414519497694e-03         1.2907503136247323e-03        -1.1144884213152989e-03         3.4054232966748751e-03         1.3273462511604484e-03
10                                     1.5831440080854173e-02        -1.5107430906033095e-01         1.1418731856511866e-01         3.5821053366659082e-03         3.0093327528828554e-03        -2.4627951513636888e-03        -2.0304236136248835e-03        -1.5462607380644050e-03
11                                    -2.4609179041351487e-02         1.1577745267825801e-01        -2.0358677447801379e-01         3.8802245404483057e-03         2.3607314941651229e-03        -1.9662292225178252e-03        -2.9310279318244996e-03        -1.8641787199000111e-03
12                                     5.4126925167702532e-02        -1.9382731769167990e-02         2.6777103559286981e-02        -1.3939272962027783e-03        -5.4833710799816930e-04         3.6148181858086225e-04        -1.0407839875648146e-03        -2.0891414388517389e-04
13                                     2.1146686343165924e-03        -1.2739801172898031e-02         2.5858925952410551e-02        -7.3685260222019935e-04        -5.0805378386565984e-04         8.6687551197187941e-05        -3.4325862530560193e-04        -6.5876445688691496e-05
14                                     9.0576711016862946e-04         2.4537904516149733e-02        -2.1622376038566211e-02         2.6407465127956326e-05         1.1848705001029519e-05        -4.9118272778674336e-05         8.2100708853606466e-04         1.9303777984804103e-04
15                                    -3.8146750129339997e-02         1.5554993463194770e-02        -2.1405694053384570e-02         8.9223683151730404e-04         3.5414686613806552e-04        -1.7358883199264960e-04         9.4984663329036336e-04         1.6008968706286253e-04
16                                     1.9777923406700954e-02        -1.2751774265800576e-02         8.7589214751814509e-03        -7.1183904592982345e-04        -3.1017427139600189e-04         1.0601128200830889e-04         5.5408063676858012e-05         3.2238451668617019e-04
17                                    -2.6649468853913571e-02         8.5147226364781850e-03        -1.8962410818842545e-02         6.4828695252246016e-05        -1.6016305232496625e-04         3.1669293825085931e-04         6.0067141241941144e-04        -2.9541139391637129e-05
18                                    -4.4151124587761388e-02        -1.0362272423918684e-02         8.8899115835072429e-03        -1.7051033945387616e-04        -3.2073353746137393e-04         4.0657521109438899e-04        -1.2851939840575219e-04        -3.2646859450475717e-04
19                                    -4.1618149628520000e-02         2.1682204176079273e-02        -1.6956473928175737e-02         5.2026542628139615e-04         1.1730468828331057e-04         3.9589647054765051e-06         5.2919219630643362e-04        -1.3044117225802232e-04
20                                     4.6890230932686260e-02        -1.4577125867511091e-02         3.1855037131844198e-02        -5.5438637275587524e-04        -1.4731673947111659e-04        -6.7535175733734283e-05        -7.0952536369841743e-04         2.1596190476314654e-05
21                                    -3.4370133152533977e-01        -8.7795981216569098e-03        -9.4430668884530403e-03        -3.5790022781677562e-04         6.4527369844559587e-05        -3.5256491981566556e-04        -6.7540372370110597e-04         4.7358393838405760e-04
22                                     3.1847586865469901e-02        -8.5488220233215187e-02         3.2311927287184447e-02        -4.8089103952368896e-04        -4.1405322980692658e-04        -3.8829047988146406e-05         6.1187235356343229e-04         3.7946178471440830e-04
23                                    -5.9571031144641740e-02         2.9137865419855156e-02        -1.0136584164244253e-01        -4.0787648215297607e-04        -1.8532199324133348e-04         1.5120607511499558e-04         6.2270698378220424e-04        -2.5971796272651295e-04
24                                     6.9918842127032221e-01         4.5516428611735715e-02        -1.5822672083021502e-02         5.1540959784520616e-05        -6.0045543367802812e-04         9.4154457735713681e-04        -6.8792877430099830e-04        -8.0165306915108356e-04
25                                     4.5516428611735715e-02         3.4728292497196034e-01        -2.7389378226456063e-01         2.7045577896119238e-04         3.0332243748790958e-04         8.0922464113887711e-05         8.1381661631950506e-04        -4.3711248468249458e-04
26                                    -1.5822672083021502e-02        -2.7389378226456063e-01         4.6019469720847583e-01        -5.5344866950857857e-04        -6.9914244167767169e-04        -1.9198457372605806e-04        -8.3699451331415830e-04         3.3689748654317127e-04
27                                     5.1540959784520616e-05         2.7045577896119238e-04        -5.5344866950857857e-04         4.7770548470923144e-02        -5.7894693301854486e-03        -1.6217656651110822e-02         2.8807015705213700e-04         4.1397368719293219e-03
28                                    -6.0045543367802812e-04         3.0332243748790958e-04        -6.9914244167767169e-04        -5.7894693301854486e-03         8.9724927066027249e-02         8.7221886717307850e-02         6.3286258133679867e-04        -6.9702618571751453e-03
29                                     9.4154457735713681e-04         8.0922464113887711e-05        -1.9198457372605806e-04        -1.6217656651110822e-02         8.7221886717307850e-02         2.5121100792444129e-01        -1.4614337010384996e-03         7.2485264989602394e-04
30                                    -6.8792877430099830e-04         8.1381661631950506e-04        -8.3699451331415830e-04         2.8807015705213700e-04         6.3286258133679867e-04        -1.4614337010384996e-03         7.3169457780759783e-02        -7.9049323918204961e-02
31                                    -8.0165306915108356e-04        -4.3711248468249458e-04         3.3689748654317127e-04         4.1397368719293219e-03        -6.9702618571751453e-03         7.2485264989602394e-04        -7.9049323918204961e-02         2.6587168400699251e-01
32                                     6.4195323322422683e-04        -5.2342941518432329e-04         3.3068505055613279e-04         8.1587331782451110e-03        -2.3967036568892507e-02         3.4276888673784979e-03        -1.7983835206698178e-03        -1.1812518630259640e-03
33                                     7.2022390526816152e-04        -3.8228241357149287e-04         5.5707763660137318e-04         4.9015067668758501e-03         1.6765463556628682e-04         1.8927560403486157e-03        -4.4735704108600279e-03        -8.6670816848030685e-04
34                                     7.2332300963479990e-04        -3.3815085409402929e-04         6.2629558473533537e-04        -1.0278469535257092e-02         4.3890396356508496e-04        -4.8986601134332211e-03         2.3549395335306377e-02         2.2951099287494055e-03
35                                    -3.7027661401504422e-04         5.0408799405462818e-04        -6.1021160575135168e-04        -2.2545718980501658e-02         1.9378417920657212e-03        -8.8852764520497493e-03         1.3944042973184131e-03        -5.6682251455192692e-04
36                                    -3.1646467924184539e-03        -1.7138990721589276e-03         1.4490551060291181e-03         7.4113061230581369e-05         5.9693983871082898e-05        -8.2073738228009754e-05         1.0918561253951339e-04         1.2733663826486677e-04
37                                    -2.5881011312873957e-03         2.3100371175584578e-03         3.2839983737513560e-03         2.3901460375267805e-04         1.5484577367810750e-04        -1.6512183749154558e-04        -1.0130789742539672e-04        -7.3166956492794200e-05
38                                     2.5564982115128775e-03         3.4016468373222301e-03         1.2620015814808379e-03         1.4992726613178932e-04         1.1531275720274821e-04        -7.6429918799620841e-05        -1.3014324770009317e-04        -1.3125897906732329e-04
39                                    -3.4627542204086542e-04         5.1938429723256659e-04        -6.0087029522911187e-04        -2.4825337737081852e-05        -2.1140444410550682e-05         2.8725753435822256e-05         3.5484448419329569e-05        -2.5225349906191075e-06
40                                     5.7410044894188228e-04        -3.4785846769583810e-04        -4.5511575839062447e-04         3.6584967494685333e-05         1.6507333725831498e-05         6.1963849921193269e-06        -4.3186082783630174e-05        -1.9427258310554616e-05
41                                    -6.4477328166276317e-04        -4.7878640668342081e-04        -2.3630244554212818e-04         4.8707515421883145e-05         4.3574830183930931e-05        -1.7606513424270852e-05        -8.1395854921225558e-06        -2.3642339173051558e-06
42                                    -2.5020716681805819e-04        -2.4721451551938251e-03         2.5023966757815857e-03         9.8899297953396388e-06        -1.9367035773624249e-05        -7.4218276531826111e-07         2.8220439354872603e-05         2.8975246330543297e-05
43                                    -1.9203701293035221e-03         2.3371772786253517e-03         4.7333453202889316e-03         1.0753434259918873e-04         5.9209683678031460e-05         5.4380826375468412e-07        -1.2151597959557552e-04         4.0812783038013758e-05
44                                     1.8490400282544402e-03         4.6754378402243260e-03         7.5324062035807444e-04         4.4468991437298898e-05         5.3253669758230389e-05         2.4276599149051603e-05        -1.2530847775033726e-04        -1.4908092386660713e-05
45                                    -6.7382115762639402e-03         1.7642509694752985e-02        -2.2495364164722170e-02        -4.4177626217713827e-05        -2.3686360508006670e-05         3.7948566698830111e-05        -2.9419999121466046e-05        -3.4485756485671745e-05
46                                    -1.3528221610715069e-03         2.6998371363864595e-03         1.5253740329867690e-03         2.4877527934459657e-06         8.3269956547269743e-06        -1.2613615041151549e-05         1.9129750568951283e-05         2.3419427714338123e-05
47                                     6.9429948579653733e-04         3.0016842263247689e-03         3.8708979271070976e-04        -2.0973308862460338e-05        -3.1374731159265323e-05         3.5774703657308338e-05         7.7036196543408229e-06        -6.2140769380774827e-06
48                                    -1.6471989562915057e-01        -8.9507426465739046e-02         1.0267008145401368e-01        -3.4276993928529249e-04        -1.1986290724193792e-04         1.1595310836007636e-05        -9.9644761585517385e-04        -5.6820150549807824e-05
49                                    -8.9685318626036084e-02        -1.1612812642818097e-01         9.7335881719840922e-02         7.3135942146519022e-04         1.8707545272548479e-04        -1.8711591162712954e-04        -9.4972894447228028e-04         3.4949150182804305e-04
50                                     1.0327403720567124e-01         9.7493729244734914e-02        -1.4704314532341878e-01         2.8551444279751280e-04         1.6163364543276540e-04         2.1732171001765700e-04        -8.6870246526158951e-04        -6.1341836058679232e-04
                                                        32                          33                          34                          35                          36                          37                          38                          39

0                                     -1.0707837723780600e-03        -2.1603960696110863e-01         1.3182798763431277e-02        -9.6818947976992795e-02        -2.2383644408367049e-04        -8.8549157301549657e-05         3.3450916096226194e-05        -4.5505445292538696e-04
1                                     -1.1726780778632099e-03         1.1887553365016360e-02        -4.8031319826934107e-02         5.4223633462362033e-03         3.2554168921696978e-04        -7.8006484508073154e-04        -6.0493889112679699e-04         2.5613266005332749e-04
2                                     -4.8256848808193947e-02        -9.6005086548430818e-02         3.5437700303692500e-03        -1.0157094056131573e-01        -3.2247501420891531e-04        -7.1227504912498366e-04        -6.6155556605878110e-04        -3.1385789847107674e-04
3                                     -3.5680967746877634e-03        -2.0850806304415659e-02        -1.7362353436428678e-02         1.7467679232544706e-02        -8.0070358993664017e-04         6.7324099373987454e-04        -9.2029907485629506e-04         1.7948283672480176e-04
4                                      9.6834524330628637e-03         2.9832290377440826e-03         1.4244336011976551e-03        -3.1599205963197684e-03        -3.0460892348636009e-03        -2.6751419281588170e-04         1.8668628209389344e-03        -8.8617141032104846e-04
5                                     -8.8623898906709710e-03        -5.7320473786494387e-03        -5.8335478493343838e-03         7.0181915521616706e-03         3.5382700564360833e-03         2.1678875519551594e-03        -7.9022878386727667e-04         1.0008473487849441e-03
6                                      1.3221327602793483e-03         3.1597255262607398e-03         2.1866949823156493e-03        -1.8263321617644230e-03        -1.0853680100908134e-04         8.2724510119675920e-04        -9.0403067309544061e-04        -9.1378269888509576e-05
7                                      4.5972320345164892e-03        -5.1655852669097932e-05        -2.8790218684807806e-04        -3.7566339351587097e-04         1.6615084303472517e-03        -4.8859864766213901e-04        -1.3960594203134809e-03         1.2312588593657667e-04
8                                      4.1436275363715240e-04         1.8791793168000150e-04         1.7800869954478181e-04         9.4247562209982122e-06        -1.9024511852567556e-03        -1.4484629709242067e-03        -1.3037837193471957e-04        -1.5660988844130386e-04
9                                     -1.1732794421381138e-03        -4.4448657160793895e-04        -2.3973601129451821e-05         1.1371613315235901e-03         1.2147757775437182e-02         5.9489627001868342e-03        -6.1266899874026642e-03        -4.6986668719912559e-03
10                                     7.5309392305392922e-04        -3.6645481102285781e-03        -4.0553153489899258e-03         3.7969132130122323e-03        -1.1471667172721547e-02        -5.3977405437741315e-03         8.5949491781560361e-03         5.2663244004750275e-04
11                                     2.2549084744170654e-03         1.9546438165366437e-03         2.0988413204897196e-03        -2.8969429228219387e-03         1.4743415448584488e-02         9.8750816243360490e-03        -8.6185218167518611e-03        -1.5949574159424594e-03
12                                     1.1896046196632569e-04        -9.0817506353865285e-04        -1.3933754434800215e-03         1.3538367053772828e-03        -9.4043709090954386e-02         5.8759907698697288e-02        -7.6275823898039052e-02        -1.4288549008050558e-02
13                                     1.4809237025808174e-04         5.6111401629246535e-04         6.7607341020592794e-04        -4.9972928600664152e-04         5.9672243204702088e-02        -1.4088828680348509e-01         1.3174908824263196e-01        -1.6137512424852559e-02
14                                    -4.5165841765061756e-04        -8.3971765592860876e-04        -4.3195388534171374e-04         7.9547691276107032e-04        -7.7095966722273243e-02         1.3180529352348358e-01        -2.0200190375964738e-01         1.8128291075807573e-02
15                                    -2.2416575494043226e-04        -1.7143791299961567e-04         3.6560427044476206e-05         1.5106072759533582e-04        -5.0233600414492617e-03        -9.7523492498752945e-04         6.5183664834364552e-04        -1.6829609109801086e-01
16                                    -1.8999815105503502e-04        -1.3474172367137772e-04        -1.6161689319125580e-04         1.6689150640405775e-04         1.7575548566472476e-02         3.2700082476161147e-03         1.8269297109118031e-03        -9.1869556684266163e-02
17                                    -3.9450557782148184e-05         4.1573854518774691e-04         5.4616738848905816e-04        -4.1110141589152817e-04        -2.2057029669264275e-02         4.0844019870274126e-04         1.4889284819792955e-03         1.0115906508033186e-01
18                                     2.9076296857399560e-04         1.1874726485453069e-04         1.4179989356729518e-04        -7.0670617639588670e-05        -5.0474495207200182e-03        -3.1076642747305747e-04        -5.4492287157827980e-04         1.0597354676312735e-02
19                                    -2.6727618719850602e-05        -1.8350249092745086e-05         8.7088586827068089e-05        -1.3207122089098621e-05        -7.7862200797234812e-04         4.9464659734178894e-03         2.5161859708750355e-03         6.7523410514679083e-03
20                                     8.6553234954589987e-05         2.5794999633398563e-06        -1.5337178587632270e-04         2.5177687856168000e-05        -2.0098884117459442e-06         2.4592505851104424e-03         3.9055855042934391e-03        -7.6987397098553512e-03
21                                    -7.2803953740284232e-05        -1.2124136976495218e-04        -2.2037974205710883e-04         9.0543687123114053e-05        -5.6806074717787741e-04        -5.5470952949029408e-04         5.3918569790413658e-04         1.8678815236140389e-04
22                                    -8.9184545196122831e-05         1.1036980090253226e-05         2.1677411285047981e-04        -9.2674608796678543e-05        -3.2921512510716627e-04        -2.3775190374931065e-04        -6.0966161951021922e-04         1.3878517608198427e-03
23                                    -1.3100753376621183e-04        -5.2029324160577815e-05        -4.4599158694041975e-05         8.3083398930968030e-05         4.1310505743138602e-04        -5.8773043968974540e-04         8.0593446939247228e-05        -2.1954392769052266e-03
24                                     6.4195323322422683e-04         7.2022390526816152e-04         7.2332300963479990e-04        -3.7027661401504422e-04        -3.1646467924184539e-03        -2.5881011312873957e-03         2.5564982115128775e-03        -3.4627542204086542e-04
25                                    -5.2342941518432329e-04        -3.8228241357149287e-04        -3.3815085409402929e-04         5.0408799405462818e-04        -1.7138990721589276e-03         2.3100371175584578e-03         3.4016468373222301e-03         5.1938429723256659e-04
26                                     3.3068505055613279e-04         5.5707763660137318e-04         6.2629558473533537e-04        -6.1021160575135168e-04         1.4490551060291181e-03         3.2839983737513560e-03         1.2620015814808379e-03        -6.0087029522911187e-04
27                                     8.1587331782451110e-03         4.9015067668758501e-03        -1.0278469535257092e-02        -2.2545718980501658e-02         7.4113061230581369e-05         2.3901460375267805e-04         1.4992726613178932e-04        -2.4825337737081852e-05
28                                    -2.3967036568892507e-02         1.6765463556628682e-04         4.3890396356508496e-04         1.9378417920657212e-03         5.9693983871082898e-05         1.5484577367810750e-04         1.1531275720274821e-04        -2.1140444410550682e-05
29                                     3.4276888673784979e-03         1.8927560403486157e-03        -4.8986601134332211e-03        -8.8852764520497493e-03        -8.2073738228009754e-05        -1.6512183749154558e-04        -7.6429918799620841e-05         2.8725753435822256e-05
30                                    -1.7983835206698178e-03        -4.4735704108600279e-03         2.3549395335306377e-02         1.3944042973184131e-03         1.0918561253951339e-04        -1.0130789742539672e-04        -1.3014324770009317e-04         3.5484448419329569e-05
31                                    -1.1812518630259640e-03        -8.6670816848030685e-04         2.2951099287494055e-03        -5.6682251455192692e-04         1.2733663826486677e-04        -7.3166956492794200e-05        -1.3125897906732329e-04        -2.5225349906191075e-06
32                                     5.1207648202262847e-02        -2.3188198574819966e-03         1.1867286084601723e-02        -1.4890141147504208e-04        -1.2344679816628874e-04         8.3434834162667340e-05         9.3920356176451772e-05        -4.4877003211233441e-06
33                                    -2.3188198574819966e-03         2.3420447001516265e-01        -1.0572725402059387e-02         1.0000207298536440e-01        -4.1073195998530317e-05        -7.7978387853654824e-05        -2.6625062059169174e-05        -1.1964032283949240e-04
34                                     1.1867286084601723e-02        -1.0572725402059387e-02         4.7773675095267858e-02        -6.9044803556617441e-03        -4.5367667852754017e-05        -6.5438572145986532e-05        -8.2296425474160067e-05        -1.0972397403737524e-04
35                                    -1.4890141147504208e-04         1.0000207298536440e-01        -6.9044803556617441e-03         1.0633935777431498e-01         4.3099961338166409e-05         2.7336228875530708e-05         7.1114971360091480e-05         1.3444521547494905e-04
36                                    -1.2344679816628874e-04        -4.1073195998530317e-05        -4.5367667852754017e-05         4.3099961338166409e-05         9.5292206397782742e-02        -6.2263716059329274e-02         8.1144983059714626e-02         1.2517470301037122e-03
37                                     8.3434834162667340e-05        -7.7978387853654824e-05        -6.5438572145986532e-05         2.7336228875530708e-05        -6.2263716059329274e-02         1.4047063072877175e-01        -1.4484396252904930e-01         2.7024342487886807e-04
38                                     9.3920356176451772e-05        -2.6625062059169174e-05        -8.2296425474160067e-05         7.1114971360091480e-05         8.1144983059714626e-02        -1.4484396252904930e-01         2.0740279060368608e-01         1.5634367926552727e-04
39                                    -4.4877003211233441e-06        -1.1964032283949240e-04        -1.0972397403737524e-04         1.3444521547494905e-04         1.2517470301037122e-03         2.7024342487886807e-04         1.5634367926552727e-04         1.7502732074211191e-01
40                                     3.7281138746192579e-05         2.4651148047843182e-05        -9.4637899974954812e-06        -1.9182323818233045e-05         8.2251259768013722e-05        -2.4674922780381775e-03        -2.6011698625785923e-03         9.8960445332098690e-02
41                                    -5.4193878490758505e-06        -3.2169323524579817e-05        -5.2619137365093698e-05         2.3943942331463956e-05         3.6516348750137255e-04        -2.5931886461287587e-03        -1.4547638491835425e-03        -1.0819855934258010e-01
42                                     1.9373725493421949e-05        -9.6775609796945911e-06         5.7686069978713623e-06         5.5349143414261046e-06        -3.2432813367881978e-04        -1.2273974291629637e-04         9.6850857225438958e-05         6.7750682635151979e-04
43                                     9.9763488197733934e-06         1.1050523267233821e-05         1.0640378491573803e-06        -6.2610374175933563e-06         7.4993709232177696e-04         2.7191315055751945e-04         2.3594364938963166e-04        -1.1109649069723738e-04
44                                    -8.7731112284813193e-07        -7.9432410158057848e-06        -4.0259723946493582e-05         2.7325159629241656e-05        -9.5542376180483011e-04         1.6423666761473206e-04         1.3863276689953354e-04         4.9824658173672470e-04
45                                     2.7165435057569209e-05        -2.1410653161439567e-05        -2.3570582100467647e-05         3.2035992523617033e-05         4.7176401750058362e-05         4.9101495661872619e-05         6.1694724838275497e-06         3.4418810318943361e-04
46                                    -2.0544531584561280e-05         4.7617921568239054e-06         6.2631322366225623e-06        -9.2528775437676451e-06         7.1549209922420120e-05        -4.9464035528456064e-04        -3.8970839637527017e-04         3.5432230961923673e-04
47                                     2.1109240015391518e-05        -5.2139358439843436e-06         2.4953171765034680e-06         9.6066555962366976e-06        -1.6060302284197272e-05        -3.8536215278377282e-04        -3.4278655486552276e-04        -4.2182325537766172e-04
48                                    -2.2200679153474114e-04         9.6452848852706351e-05         2.0440227872202328e-04        -1.7957521393480256e-04         4.2351807858293715e-04         3.2273982639536127e-04        -4.1641811037581872e-04         2.0607967909134963e-05
49                                    -8.7759816157546465e-06         1.1713489682785294e-04         2.9821603451605334e-05        -2.0997628277838335e-04        -6.8438632132642092e-04        -2.6320589307104363e-04         3.5728921746423260e-04        -1.4927640468779223e-06
50                                     5.9677139112730495e-05         6.5123857361914367e-06        -4.1933967242786054e-04         1.2067155814244994e-04         8.6955201929169758e-04         4.5599177580261507e-04        -3.6699909170627085e-04         7.2851389150729081e-05
                                                        40                          41                          42                          43                          44                          45                          46                          47

0                                      1.5275632750186231e-04        -1.9435606369661967e-04        -6.7328314207962671e-05         3.5565882224811775e-05         3.6085409287757133e-05         1.3964585436089056e-05        -4.1392525953592459e-05         1.3683140835807925e-05
1                                     -1.0199486166578809e-04        -8.9138616554594271e-05         1.7867184398999078e-05        -3.2152685760174449e-04        -1.9207704612165120e-04         3.3246313784358536e-05         8.1030888770458869e-06         8.9306100151893874e-05
2                                     -1.3626426752394430e-04        -1.3056687686475736e-04        -3.5851438807253167e-05        -1.4960180992900190e-04        -1.5640830301362298e-04        -4.8338516315702199e-05         8.5370156638982144e-05        -3.8074966200620300e-05
3                                     -3.7775027213048963e-05         2.0063052079558399e-06         2.3844177908126938e-04        -1.1188519787481776e-05        -3.8534297051991085e-06         4.4120549877061277e-04        -5.1475942972726207e-05         7.7967750999500401e-05
4                                      2.7421144812729505e-04         1.1095508061848014e-04         3.2498433186118215e-05         2.2499820259402702e-04         2.1280128227689377e-04         8.5425895392696866e-04         3.5116006299616546e-04         1.6707720916168847e-04
5                                      1.6483953887278966e-04         2.8073609237286605e-04        -4.2615364952240491e-05         1.7853268155715166e-04         1.0440637450698643e-04        -9.7175921657722663e-04         1.0992697060160212e-04         2.2833527588298104e-04
6                                     -4.3244246034379076e-05         4.1384357275655887e-05        -1.2443615871867136e-04         3.7238827344105048e-05        -5.3004613979150449e-05        -4.6784527577412309e-04         2.0074090091746913e-05        -6.5184356138289247e-05
7                                      9.5963699505080286e-05        -3.7988342565319078e-05        -3.3459689260879714e-05        -1.6215115112045293e-04        -2.5870545118370696e-04        -9.6504659572658070e-05        -1.1989729499006351e-04         1.2765278323349262e-05
8                                     -4.4978742059088427e-05         1.0689062107952516e-04         5.6778005943648735e-05        -3.0090549812234092e-04        -9.6486535664866749e-05         4.9861186878253109e-05         2.0011399670773374e-05        -1.2391676289265656e-04
9                                      7.2775845945819025e-04        -1.7945243908590106e-03         7.8927217607407604e-04        -1.4129795061350640e-04         3.3101282991936142e-04        -5.1237405688795380e-03        -2.1423496674814659e-04        -6.2477777138151853e-04
10                                     4.8963941252502807e-03         2.9539988590201729e-03        -1.2704670591736549e-04        -1.0277902510482568e-03         1.7667494831709988e-04        -1.3682522133305099e-04         4.7084261564925671e-03         2.4526142856691486e-03
11                                     2.8962829441778869e-03         3.5598216058143270e-03         2.7804613656754341e-04         2.1109881058141851e-04        -1.0456531647115215e-03        -7.1735283515431646e-04         2.5134624140748492e-03         3.7391195058033410e-03
12                                     2.8554672607031054e-03        -5.0075159385621903e-03         1.2888772323194631e-03         4.9786985553771767e-04        -1.0928639751320666e-03        -7.0270461738537542e-04        -3.1438877953510994e-04         5.1184896639102609e-04
13                                     5.0225432966366293e-03        -1.9782027395937284e-03         1.1062107162888891e-03         1.8035932792572278e-03         5.5426143618515517e-03        -2.7788111525745474e-04        -2.9652842168837183e-04        -6.9317923677263376e-04
14                                    -5.1450119189565009e-04         6.4389779617185852e-03        -1.7335442056376233e-03         5.5018046212127348e-03        -4.8099459799007477e-04         3.6971554702067030e-04        -7.2920383684046649e-04        -1.2706982891387986e-06
15                                    -9.2111601536042240e-02         1.0137278756613252e-01        -6.0616239550991130e-03         1.8360778010522716e-02        -2.2909288275450287e-02        -2.1038236091261110e-03        -2.9622991613836415e-03         2.8514227343669572e-03
16                                    -1.2266401210560726e-01         9.3481184520764787e-02        -1.4384155763961307e-03         2.3781750404793817e-03         3.1611608399931615e-04        -2.3804243325226309e-03         3.1050316272474530e-03         4.3179597715415335e-03
17                                     9.3522186236922905e-02        -1.4467091697083903e-01         1.0334528184632943e-03         1.9065059721337643e-03         5.8662246766531768e-04         2.2101344517267679e-03         4.2505016695230883e-03         1.6831001975046792e-03
18                                    -1.2723306964658206e-02         1.5888037444607719e-02        -3.3247619039176957e-01         1.7519443114612891e-02        -4.4572465795849961e-02         1.1023838044169889e-02         7.4422385912869815e-03        -8.6974341669489620e-03
19                                    -3.9599448225162773e-03         1.0709791413053598e-02         1.7538428695664555e-02        -4.5024218927547439e-02         1.4448794006906509e-02        -1.1941026500144992e-02        -4.1086941259945164e-03         9.3245858153350666e-03
20                                     9.2427561219556101e-03        -7.2689560898918093e-03        -4.4450711393615297e-02         1.4445431855399572e-02        -5.5264218146847094e-02         1.5124803892030848e-02         1.0948448142145947e-02        -7.7457985908979780e-03
21                                     1.9099175762637473e-03        -2.7306230612639268e-03        -1.3885182997367344e-02        -1.6269864895840626e-02         1.8591731106577039e-02        -9.1034191514111878e-02         5.5466970013000508e-02        -7.1689347401833386e-02
22                                     2.4571849862629579e-03         5.2939725678846986e-03         3.4462254411289084e-03         4.2798260683837783e-03        -1.6585152805889984e-03         5.5180568822473887e-02        -1.4041948752525646e-01         1.2954811172619143e-01
23                                     5.2914999069651279e-03         9.6036467584978413e-05        -5.4941230215451858e-03        -3.2599391354689354e-03         6.1405161769705306e-03        -7.1518535986433845e-02         1.2943552486552445e-01        -2.0246738529308983e-01
24                                     5.7410044894188228e-04        -6.4477328166276317e-04        -2.5020716681805819e-04        -1.9203701293035221e-03         1.8490400282544402e-03        -6.7382115762639402e-03        -1.3528221610715069e-03         6.9429948579653733e-04
25                                    -3.4785846769583810e-04        -4.7878640668342081e-04        -2.4721451551938251e-03         2.3371772786253517e-03         4.6754378402243260e-03         1.7642509694752985e-02         2.6998371363864595e-03         3.0016842263247689e-03
26                                    -4.5511575839062447e-04        -2.3630244554212818e-04         2.5023966757815857e-03         4.7333453202889316e-03         7.5324062035807444e-04        -2.2495364164722170e-02         1.5253740329867690e-03         3.8708979271070976e-04
27                                     3.6584967494685333e-05         4.8707515421883145e-05         9.8899297953396388e-06         1.0753434259918873e-04         4.4468991437298898e-05        -4.4177626217713827e-05         2.4877527934459657e-06        -2.0973308862460338e-05
28                                     1.6507333725831498e-05         4.3574830183930931e-05        -1.9367035773624249e-05         5.9209683678031460e-05         5.3253669758230389e-05        -2.3686360508006670e-05         8.3269956547269743e-06        -3.1374731159265323e-05
29                                     6.1963849921193269e-06        -1.7606513424270852e-05        -7.4218276531826111e-07         5.4380826375468412e-07         2.4276599149051603e-05         3.7948566698830111e-05        -1.2613615041151549e-05         3.5774703657308338e-05
30                                    -4.3186082783630174e-05        -8.1395854921225558e-06         2.8220439354872603e-05        -1.2151597959557552e-04        -1.2530847775033726e-04        -2.9419999121466046e-05         1.9129750568951283e-05         7.7036196543408229e-06
31                                    -1.9427258310554616e-05        -2.3642339173051558e-06         2.8975246330543297e-05         4.0812783038013758e-05        -1.4908092386660713e-05        -3.4485756485671745e-05         2.3419427714338123e-05        -6.2140769380774827e-06
32                                     3.7281138746192579e-05        -5.4193878490758505e-06         1.9373725493421949e-05         9.9763488197733934e-06        -8.7731112284813193e-07         2.7165435057569209e-05        -2.0544531584561280e-05         2.1109240015391518e-05
33                                     2.4651148047843182e-05        -3.2169323524579817e-05        -9.6775609796945911e-06         1.1050523267233821e-05        -7.9432410158057848e-06        -2.1410653161439567e-05         4.7617921568239054e-06        -5.2139358439843436e-06
34                                    -9.4637899974954812e-06        -5.2619137365093698e-05         5.7686069978713623e-06         1.0640378491573803e-06        -4.0259723946493582e-05        -2.3570582100467647e-05         6.2631322366225623e-06         2.4953171765034680e-06
35                                    -1.9182323818233045e-05         2.3943942331463956e-05         5.5349143414261046e-06        -6.2610374175933563e-06         2.7325159629241656e-05         3.2035992523617033e-05        -9.2528775437676451e-06         9.6066555962366976e-06
36                                     8.2251259768013722e-05         3.6516348750137255e-04        -3.2432813367881978e-04         7.4993709232177696e-04        -9.5542376180483011e-04         4.7176401750058362e-05         7.1549209922420120e-05        -1.6060302284197272e-05
37                                    -2.4674922780381775e-03        -2.5931886461287587e-03        -1.2273974291629637e-04         2.7191315055751945e-04         1.6423666761473206e-04         4.9101495661872619e-05        -4.9464035528456064e-04        -3.8536215278377282e-04
38                                    -2.6011698625785923e-03        -1.4547638491835425e-03         9.6850857225438958e-05         2.3594364938963166e-04         1.3863276689953354e-04         6.1694724838275497e-06        -3.8970839637527017e-04        -3.4278655486552276e-04
39                                     9.8960445332098690e-02        -1.0819855934258010e-01         6.7750682635151979e-04        -1.1109649069723738e-04         4.9824658173672470e-04         3.4418810318943361e-04         3.5432230961923673e-04        -4.2182325537766172e-04
40                                     1.1958012903574421e-01        -1.0488889297847312e-01         2.4040505894946940e-04        -1.9192195522974385e-03        -2.4967233781622473e-03        -5.9578600791297502e-04        -3.1077338978446238e-04         4.3617895128782603e-04
41                                    -1.0488889297847312e-01         1.4504461147043432e-01         7.2510280820385631e-05        -2.5285779768876842e-03        -9.3380741746177613e-04         7.3175664393569304e-04         4.9491362089904749e-04        -4.7422837901331741e-04
42                                     2.4040505894946940e-04         7.2510280820385631e-05         3.5005086229790827e-01        -1.8520750687183687e-02         4.7780793302796935e-02         8.3999844050436281e-04         1.8483248671402955e-04         1.5184306770385167e-04
43                                    -1.9192195522974385e-03        -2.5285779768876842e-03        -1.8520750687183687e-02         3.8750244286594043e-02        -1.8610607100253404e-02         5.3408816309114199e-04        -2.0369891576632435e-03        -2.4602333499081867e-03
44                                    -2.4967233781622473e-03        -9.3380741746177613e-04         4.7780793302796935e-02        -1.8610607100253404e-02         5.0961902867842426e-02        -2.6539660880261226e-04        -2.4980979520768526e-03        -1.0500590848236044e-03
45                                    -5.9578600791297502e-04         7.3175664393569304e-04         8.3999844050436281e-04         5.3408816309114199e-04        -2.6539660880261226e-04         9.2359804358114597e-02        -5.8893260391620822e-02         7.7174023625544069e-02
46                                    -3.1077338978446238e-04         4.9491362089904749e-04         1.8483248671402955e-04        -2.0369891576632435e-03        -2.4980979520768526e-03        -5.8893260391620822e-02         1.3928086616734761e-01        -1.4317247337721423e-01
47                                     4.3617895128782603e-04        -4.7422837901331741e-04         1.5184306770385167e-04        -2.4602333499081867e-03        -1.0500590848236044e-03         7.7174023625544069e-02        -1.4317247337721423e-01         2.0744250251349153e-01
48                                    -2.0700409115110511e-05         9.4836045873413627e-05        -7.2409444274997882e-04        -7.5398614944209694e-04         8.5718356084871932e-04         1.1953500081065375e-03         2.6736597389935730e-04         5.4133700716886904e-05
49                                    -5.4274739933898213e-04        -4.4414851138574029e-04         1.2927771392457280e-04         3.4488208622205724e-04         1.7964436010478298e-04         1.0581944299957458e-04        -2.4044235242912868e-03        -2.6077341433664632e-03
50                                    -4.3487602388891803e-04        -3.5845023126635520e-04        -2.4300580918262555e-04         9.3263644006996499e-05         2.9158152861424457e-04         2.5702092076721958e-04        -2.5478462984097278e-03        -1.3031175545894745e-03
                                                        48                          49                          50

0                                     -6.5350736169879245e-04        -3.1276688263133664e-04         5.9865131073119052e-04
1                                     -1.1171336487499333e-04        -1.2652508059630900e-03        -1.6823933886374017e-04
2                                     -1.5601133645015437e-04        -5.8679218062936958e-04        -5.3575263182440531e-04
3                                      4.9661662633908245e-05        -1.0364515105331616e-03         8.0137953803498686e-04
4                                      5.2450627478336858e-04         1.2487219597364962e-03         1.7453104104023565e-03
5                                     -4.4100411435159161e-04         1.7731208142179773e-03         3.5078112162657609e-04
6                                      1.7413877435851384e-04         2.8488469244156850e-04        -2.1051517673353415e-04
7                                     -3.5075910790452903e-05        -1.1018916831894124e-03        -8.8667878724928758e-04
8                                      9.7310289375214520e-06        -1.1894160592969272e-03        -7.9794255786768721e-04
9                                      9.8135153046671059e-03        -1.1406291689179488e-02         1.4805847862354487e-02
10                                     6.1303145216406452e-03        -6.1284180332205583e-03         8.6386321909128413e-03
11                                    -7.0743996839456730e-03         7.6669299701683791e-03        -8.8838779366012602e-03
12                                    -2.9139143464343431e-04         2.1104491557256515e-03        -3.2023422623032333e-03
13                                     1.2213255513144929e-03         2.0931030544050558e-03         4.4022160965652996e-03
14                                    -1.9589386775466554e-03         4.5922317661541458e-03        -4.1046427939100266e-05
15                                    -4.0210188689404017e-04         7.0797257086324802e-04        -6.9663310418501554e-04
16                                     5.8892189402691766e-04        -4.2725489594623166e-04        -3.9877555462079555e-04
17                                    -6.7340975929087521e-04        -2.8137506907892134e-04        -2.6667589252171589e-04
18                                    -4.5855200521368392e-03         5.6372169992007989e-04        -1.4907020431748803e-03
19                                     1.2541509030689936e-03         4.8620963926049397e-03         2.7026459984763112e-03
20                                    -2.3545699914319564e-03         2.5591345799780619e-03         3.3760609817885365e-03
21                                    -1.3788318019276803e-02         2.2760331861591959e-03        -4.4375198846218489e-03
22                                    -1.6945084506755838e-02         4.3621894361937268e-03        -2.4144957376674193e-03
23                                     1.9611711140038509e-02        -1.1119935725022855e-03         6.1286473833725586e-03
24                                    -1.6471989562915057e-01        -8.9685318626036084e-02         1.0327403720567124e-01
25                                    -8.9507426465739046e-02        -1.1612812642818097e-01         9.7493729244734914e-02
26                                     1.0267008145401368e-01         9.7335881719840922e-02        -1.4704314532341878e-01
27                                    -3.4276993928529249e-04         7.3135942146519022e-04         2.8551444279751280e-04
28                                    -1.1986290724193792e-04         1.8707545272548479e-04         1.6163364543276540e-04
29                                     1.1595310836007636e-05        -1.8711591162712954e-04         2.1732171001765700e-04
30                                    -9.9644761585517385e-04        -9.4972894447228028e-04        -8.6870246526158951e-04
31                                    -5.6820150549807824e-05         3.4949150182804305e-04        -6.1341836058679232e-04
32                                    -2.2200679153474114e-04        -8.7759816157546465e-06         5.9677139112730495e-05
33                                     9.6452848852706351e-05         1.1713489682785294e-04         6.5123857361914367e-06
34                                     2.0440227872202328e-04         2.9821603451605334e-05        -4.1933967242786054e-04
35                                    -1.7957521393480256e-04        -2.0997628277838335e-04         1.2067155814244994e-04
36                                     4.2351807858293715e-04        -6.8438632132642092e-04         8.6955201929169758e-04
37                                     3.2273982639536127e-04        -2.6320589307104363e-04         4.5599177580261507e-04
38                                    -4.1641811037581872e-04         3.5728921746423260e-04        -3.6699909170627085e-04
39                                     2.0607967909134963e-05        -1.4927640468779223e-06         7.2851389150729081e-05
40                                    -2.0700409115110511e-05        -5.4274739933898213e-04        -4.3487602388891803e-04
41                                     9.4836045873413627e-05        -4.4414851138574029e-04        -3.5845023126635520e-04
42                                    -7.2409444274997882e-04         1.2927771392457280e-04        -2.4300580918262555e-04
43                                    -7.5398614944209694e-04         3.4488208622205724e-04         9.3263644006996499e-05
44                                     8.5718356084871932e-04         1.7964436010478298e-04         2.9158152861424457e-04
45                                     1.1953500081065375e-03         1.0581944299957458e-04         2.5702092076721958e-04
46                                     2.6736597389935730e-04        -2.4044235242912868e-03        -2.5478462984097278e-03
47                                     5.4133700716886904e-05        -2.6077341433664632e-03        -1.3031175545894745e-03
48                                     1.7473080173658009e-01         9.7043363299278429e-02        -1.0982744244573750e-01
49                                     9.7043363299278429e-02         1.1478393717603418e-01        -1.0782332897413355e-01
50                                    -1.0982744244573750e-01        -1.0782332897413355e-01         1.4905226622506026e-01
   &MODES [&Type "ArrayOfDoubles", &Dim (51,51)] "The modes of vibrations"
                                                         0                           1                           2                           3                           4                           5                           6                           7

0                                      0.0000000000000000e+00         0.0000000000000000e+00         0.0000000000000000e+00         0.0000000000000000e+00         0.0000000000000000e+00         0.0000000000000000e+00        -6.1641242907598840e-03        -1.4613216437608444e-02
1                                      0.0000000000000000e+00         0.0000000000000000e+00         0.0000000000000000e+00         0.0000000000000000e+00         0.0000000000000000e+00         0.0000000000000000e+00         6.9035170134243651e-02         1.0332487551539951e-01
2                                      0.0000000000000000e+00         0.0000000000000000e+00         0.0000000000000000e+00         0.0000000000000000e+00         0.0000000000000000e+00         0.0000000000000000e+00         5.6641284147478890e-02         8.7067899689029934e-02
3                                      0.0000000000000000e+00         0.0000000000000000e+00         0.0000000000000000e+00         0.0000000000000000e+00         0.0000000000000000e+00         0.0000000000000000e+00         7.8952598671652909e-03        -5.6314800794976062e-05
4                                      0.0000000000000000e+00         0.0000000000000000e+00         0.0000000000000000e+00         0.0000000000000000e+00         0.0000000000000000e+00         0.0000000000000000e+00        -1.0475411408758419e-01        -5.7967863252934432e-03
5                                      0.0000000000000000e+00         0.0000000000000000e+00         0.0000000000000000e+00         0.0000000000000000e+00         0.0000000000000000e+00         0.0000000000000000e+00        -8.9419059692140535e-02        -3.2411262177305844e-03
6                                      0.0000000000000000e+00         0.0000000000000000e+00         0.0000000000000000e+00         0.0000000000000000e+00         0.0000000000000000e+00         0.0000000000000000e+00        -6.5360547250418568e-03         1.4538257836376163e-02
7                                      0.0000000000000000e+00         0.0000000000000000e+00         0.0000000000000000e+00         0.0000000000000000e+00         0.0000000000000000e+00         0.0000000000000000e+00         8.1628088203251098e-02        -9.3253736468814435e-02
8                                      0.0000000000000000e+00         0.0000000000000000e+00         0.0000000000000000e+00         0.0000000000000000e+00         0.0000000000000000e+00         0.0000000000000000e+00         7.0688246341976582e-02        -8.2161114039600899e-02
9                                      0.0000000000000000e+00         0.0000000000000000e+00         0.0000000000000000e+00         0.0000000000000000e+00         0.0000000000000000e+00         0.0000000000000000e+00        -4.0231125431111712e-03        -7.4421276485262531e-04
10                                     0.0000000000000000e+00         0.0000000000000000e+00         0.0000000000000000e+00         0.0000000000000000e+00         0.0000000000000000e+00         0.0000000000000000e+00         5.7321659172009938e-02        -4.4262464843975726e-04
11                                     0.0000000000000000e+00         0.0000000000000000e+00         0.0000000000000000e+00         0.0000000000000000e+00         0.0000000000000000e+00         0.0000000000000000e+00         4.8609349763892841e-02         3.9879532803656897e-03
12                                     0.0000000000000000e+00         0.0000000000000000e+00         0.0000000000000000e+00         0.0000000000000000e+00         0.0000000000000000e+00         0.0000000000000000e+00        -1.3751584429678306e-03        -7.1445023459013306e-03
13                                     0.0000000000000000e+00         0.0000000000000000e+00         0.0000000000000000e+00         0.0000000000000000e+00         0.0000000000000000e+00         0.0000000000000000e+00         1.7091260700149553e-02         6.3970808827316802e-02
14                                     0.0000000000000000e+00         0.0000000000000000e+00         0.0000000000000000e+00         0.0000000000000000e+00         0.0000000000000000e+00         0.0000000000000000e+00         1.4783783954515909e-02         5.4429286982957549e-02
15                                     0.0000000000000000e+00         0.0000000000000000e+00         0.0000000000000000e+00         0.0000000000000000e+00         0.0000000000000000e+00         0.0000000000000000e+00        -1.8283994583887019e-04        -6.6619245980411440e-03
16                                     0.0000000000000000e+00         0.0000000000000000e+00         0.0000000000000000e+00         0.0000000000000000e+00         0.0000000000000000e+00         0.0000000000000000e+00        -1.3074410172899318e-03         6.7566359124445752e-02
17                                     0.0000000000000000e+00         0.0000000000000000e+00         0.0000000000000000e+00         0.0000000000000000e+00         0.0000000000000000e+00         0.0000000000000000e+00        -9.7453917348915757e-04         5.3024585198307918e-02
18                                     0.0000000000000000e+00         0.0000000000000000e+00         0.0000000000000000e+00         0.0000000000000000e+00         0.0000000000000000e+00         0.0000000000000000e+00         2.5900965880461328e-04         5.6950334852183657e-04
19                                     0.0000000000000000e+00         0.0000000000000000e+00         0.0000000000000000e+00         0.0000000000000000e+00         0.0000000000000000e+00         0.0000000000000000e+00        -2.3523736234082699e-03         5.4802280099061412e-03
20                                     0.0000000000000000e+00         0.0000000000000000e+00         0.0000000000000000e+00         0.0000000000000000e+00         0.0000000000000000e+00         0.0000000000000000e+00        -1.9012425942046816e-03         7.5331471249674917e-05
21                                     0.0000000000000000e+00         0.0000000000000000e+00         0.0000000000000000e+00         0.0000000000000000e+00         0.0000000000000000e+00         0.0000000000000000e+00         7.2061197047369329e-04         7.1496382532890502e-03
22                                     0.0000000000000000e+00         0.0000000000000000e+00         0.0000000000000000e+00         0.0000000000000000e+00         0.0000000000000000e+00         0.0000000000000000e+00        -3.2006444039312230e-03        -6.2078134067679758e-02
23                                     0.0000000000000000e+00         0.0000000000000000e+00         0.0000000000000000e+00         0.0000000000000000e+00         0.0000000000000000e+00         0.0000000000000000e+00        -2.4490217414410548e-03        -5.2633603305156207e-02
24                                     0.0000000000000000e+00         0.0000000000000000e+00         0.0000000000000000e+00         0.0000000000000000e+00         0.0000000000000000e+00         0.0000000000000000e+00        -5.3245742981153181e-04         6.7521335285364277e-03
25                                     0.0000000000000000e+00         0.0000000000000000e+00         0.0000000000000000e+00         0.0000000000000000e+00         0.0000000000000000e+00         0.0000000000000000e+00         1.6392377160507721e-02        -6.7837849479846390e-02
26                                     0.0000000000000000e+00         0.0000000000000000e+00         0.0000000000000000e+00         0.0000000000000000e+00         0.0000000000000000e+00         0.0000000000000000e+00         1.4325493366662776e-02        -5.2500500475315362e-02
27                                     0.0000000000000000e+00         0.0000000000000000e+00         0.0000000000000000e+00         0.0000000000000000e+00         0.0000000000000000e+00         0.0000000000000000e+00        -2.7441809762517755e-02         2.8353423115424683e-02
28                                     0.0000000000000000e+00         0.0000000000000000e+00         0.0000000000000000e+00         0.0000000000000000e+00         0.0000000000000000e+00         0.0000000000000000e+00         7.6395310425864532e-02         1.6059205632144830e-01
29                                     0.0000000000000000e+00         0.0000000000000000e+00         0.0000000000000000e+00         0.0000000000000000e+00         0.0000000000000000e+00         0.0000000000000000e+00         5.5124374916745392e-02         6.7933664718180561e-02
30                                     0.0000000000000000e+00         0.0000000000000000e+00         0.0000000000000000e+00         0.0000000000000000e+00         0.0000000000000000e+00         0.0000000000000000e+00         1.5091301735562892e-02        -6.0805069931668336e-02
31                                     0.0000000000000000e+00         0.0000000000000000e+00         0.0000000000000000e+00         0.0000000000000000e+00         0.0000000000000000e+00         0.0000000000000000e+00         7.8515233517024635e-02         8.8537822666001423e-02
32                                     0.0000000000000000e+00         0.0000000000000000e+00         0.0000000000000000e+00         0.0000000000000000e+00         0.0000000000000000e+00         0.0000000000000000e+00         6.5959084009602459e-02         1.3247365306160522e-01
33                                     0.0000000000000000e+00         0.0000000000000000e+00         0.0000000000000000e+00         0.0000000000000000e+00         0.0000000000000000e+00         0.0000000000000000e+00        -7.5911171105610172e-04        -2.3602121888505585e-02
34                                     0.0000000000000000e+00         0.0000000000000000e+00         0.0000000000000000e+00         0.0000000000000000e+00         0.0000000000000000e+00         0.0000000000000000e+00         3.4830913838386948e-02         1.1418816842333085e-01
35                                     0.0000000000000000e+00         0.0000000000000000e+00         0.0000000000000000e+00         0.0000000000000000e+00         0.0000000000000000e+00         0.0000000000000000e+00         4.2340539604829683e-02         1.0481033066750998e-01
36                                     0.0000000000000000e+00         0.0000000000000000e+00         0.0000000000000000e+00         0.0000000000000000e+00         0.0000000000000000e+00         0.0000000000000000e+00        -1.6187748293916304e-03        -1.2696893533402651e-02
37                                     0.0000000000000000e+00         0.0000000000000000e+00         0.0000000000000000e+00         0.0000000000000000e+00         0.0000000000000000e+00         0.0000000000000000e+00         2.1315389981208178e-02         1.0999439187927221e-01
38                                     0.0000000000000000e+00         0.0000000000000000e+00         0.0000000000000000e+00         0.0000000000000000e+00         0.0000000000000000e+00         0.0000000000000000e+00         1.8259008064988470e-02         9.3694982796015458e-02
39                                     0.0000000000000000e+00         0.0000000000000000e+00         0.0000000000000000e+00         0.0000000000000000e+00         0.0000000000000000e+00         0.0000000000000000e+00         1.0159508848840297e-04        -1.2242732373751723e-02
40                                     0.0000000000000000e+00         0.0000000000000000e+00         0.0000000000000000e+00         0.0000000000000000e+00         0.0000000000000000e+00         0.0000000000000000e+00        -9.2769303588266603e-03         1.2088508086507239e-01
41                                     0.0000000000000000e+00         0.0000000000000000e+00         0.0000000000000000e+00         0.0000000000000000e+00         0.0000000000000000e+00         0.0000000000000000e+00        -7.8034350290512068e-03         9.4763502292971799e-02
42                                     0.0000000000000000e+00         0.0000000000000000e+00         0.0000000000000000e+00         0.0000000000000000e+00         0.0000000000000000e+00         0.0000000000000000e+00         5.7661672524170909e-04         9.3853866677069437e-04
43                                     0.0000000000000000e+00         0.0000000000000000e+00         0.0000000000000000e+00         0.0000000000000000e+00         0.0000000000000000e+00         0.0000000000000000e+00        -6.3765875301615271e-03         7.6172678440607567e-03
44                                     0.0000000000000000e+00         0.0000000000000000e+00         0.0000000000000000e+00         0.0000000000000000e+00         0.0000000000000000e+00         0.0000000000000000e+00        -5.6005119880056364e-03        -1.3519709820885993e-03
45                                     0.0000000000000000e+00         0.0000000000000000e+00         0.0000000000000000e+00         0.0000000000000000e+00         0.0000000000000000e+00         0.0000000000000000e+00         1.3752987549467241e-03         1.2930841530178386e-02
46                                     0.0000000000000000e+00         0.0000000000000000e+00         0.0000000000000000e+00         0.0000000000000000e+00         0.0000000000000000e+00         0.0000000000000000e+00        -1.0109660772521605e-02        -1.1657483082223684e-01
47                                     0.0000000000000000e+00         0.0000000000000000e+00         0.0000000000000000e+00         0.0000000000000000e+00         0.0000000000000000e+00         0.0000000000000000e+00        -8.2052521974598953e-03        -9.8219211079633661e-02
48                                     0.0000000000000000e+00         0.0000000000000000e+00         0.0000000000000000e+00         0.0000000000000000e+00         0.0000000000000000e+00         0.0000000000000000e+00        -7.3688159595768679e-05         1.3235577880387360e-02
49                                     0.0000000000000000e+00         0.0000000000000000e+00         0.0000000000000000e+00         0.0000000000000000e+00         0.0000000000000000e+00         0.0000000000000000e+00         2.8006169120664559e-02        -1.3127396542679887e-01
50                                     0.0000000000000000e+00         0.0000000000000000e+00         0.0000000000000000e+00         0.0000000000000000e+00         0.0000000000000000e+00         0.0000000000000000e+00         2.4443178371126448e-02        -1.0048711865562084e-01
                                                         8                           9                          10                          11                          12                          13                          14                          15

0                                     -1.1240247797214302e-01        -4.0345189741257406e-02         1.2154745681730908e-01        -8.7094551353506966e-02         4.7331198572063284e-02        -3.5368186758481333e-03        -8.0078042351055775e-04         1.5859699734090981e-03
1                                      4.1304891201627517e-02        -3.2106374033043755e-02        -5.0651079553988704e-02        -2.8872375425730224e-02         7.1916017384006062e-02        -1.1835440223908135e-03         1.3749856801936206e-02         4.1532785135879090e-03
2                                     -3.2591112778854098e-02        -5.2671161532769989e-02         7.3707981326017830e-02         2.6112435081255721e-02        -7.7702555185968830e-02         5.1892961714390682e-03         1.0289178881273240e-02         5.3409450878733385e-03
3                                     -3.2868161240214872e-03        -1.6192236509098017e-03         2.8989728508031988e-03         4.7198023706042265e-03         1.0419362048377460e-01        -5.9112564703514819e-03         1.5901205662646534e-03        -2.6782441599157471e-03
4                                     -1.8707133003630486e-02        -8.2715808463291601e-03         1.9927555596686995e-03        -4.4363129635392920e-02        -6.3702522442869863e-03         6.6963822536356403e-04        -1.1885819514621908e-02         6.4041890438685852e-03
5                                      2.2162594690290596e-02         1.0104044331967009e-02        -3.4421394622064921e-03         5.1197975206919301e-02         1.6877144858560209e-02        -8.9389463962121049e-04        -1.2174705320230865e-02         6.4632021684829432e-03
6                                      1.2110867182246447e-01         6.2947262776243004e-02         1.3731534832096695e-01         8.0695559904027880e-02        -2.6261591708499555e-02         1.3673790860828565e-03        -3.0041180972382986e-03         4.5725716762415186e-03
7                                      4.2531676188817980e-02        -3.6758095762218723e-02         4.3801605057215753e-02        -3.0715911356310525e-02        -5.9872479035007954e-02         5.6580536296833451e-03         1.6956157641367257e-02         8.5124099601668630e-03
8                                      1.1292646175299846e-02        -4.5092833650733681e-02        -3.4773940689398757e-02         4.5311035775078209e-02         6.6141365303818228e-02        -1.5614091784966714e-03         1.3025141816642691e-02         9.0778549717335615e-03
9                                     -6.9690592152888333e-03        -1.1968221152116085e-02        -3.4110480003521647e-02         2.1127863658979267e-02         1.6728264940624186e-02         9.6197086901861684e-05         9.0232072007523749e-03        -2.3614692624035106e-05
10                                    -8.1397944401355865e-02         7.2168948803040103e-02        -3.4915143628010616e-03         6.2126753164144739e-02        -9.0712474064950244e-03        -1.7204433797316284e-02        -1.4008879719462086e-01        -2.1388802565326753e-02
11                                     1.4736794367540339e-02         9.7142712108853696e-02        -4.7819132284276132e-03        -7.6564714045686197e-02         8.9846508754078402e-03        -1.4001077689167411e-02        -1.1190305313327072e-01        -2.4430332509285623e-02
12                                    -5.1663514893418090e-02        -3.2065945553557962e-02        -5.2620906622603089e-02         5.1213752092211795e-02        -4.2711632296482373e-02         7.9527330804773748e-03        -3.7701959115792418e-03        -6.3872282094200371e-04
13                                    -5.7718105367973310e-02         7.0549765673260725e-02         1.3512748791670076e-03         5.9260979094304334e-02         1.0269880697131160e-02        -9.1391177174527632e-02         3.7519239093185761e-02         2.0073816366441483e-02
14                                    -1.3487305163855960e-02         7.3567148136180885e-02        -1.3175918098298253e-02        -6.5491602347742178e-02        -2.5891817433545763e-02        -7.2413147864003546e-02         3.3773769728553366e-02         1.1169074584207388e-02
15                                    -4.6294555136234442e-02        -2.2385711333734008e-02        -5.8250892684508601e-02         4.7351576179266733e-02        -5.8486199080740583e-02        -3.2429318094924020e-03        -4.3076878711376396e-03         5.8647300501363231e-04
16                                     2.5199524274416484e-02        -8.7082921163566217e-03         6.0437258083954667e-03         7.3086238042390636e-03         2.2803940744455221e-02         9.7031203324803916e-02         4.7420213693244742e-02        -4.5078608493096901e-03
17                                    -2.5586057153727838e-02        -2.8623914683744305e-02        -1.0644141732197934e-02        -1.8264970664986339e-03        -2.1511126739506732e-02         8.1822447306536511e-02         3.9177666467266982e-02        -5.0874708176947610e-04
18                                     4.4926128391346160e-03         6.1054788485502918e-03        -6.7305047050327277e-02        -1.8697623472684877e-02        -8.5496632372537226e-02         5.1426188699342477e-03         5.9310480144984627e-03        -2.9464193595767367e-04
19                                     7.7381605601163056e-02        -7.4860985096905433e-02         6.3758844130420702e-03        -1.5360950557551002e-02         8.2167353055568257e-03        -7.3547221135991858e-03        -8.6864886920083720e-02        -1.9888256999018271e-02
20                                    -9.0775251048506971e-03        -9.4864867640069198e-02        -5.5745421766026640e-03         1.3847472000610069e-02        -1.7271739487670509e-02        -5.1711640594842749e-03        -7.2456219025525015e-02        -1.2540059784876758e-02
21                                     5.1138871139450953e-02         2.2623797643153743e-02        -5.8310307782246391e-02        -6.4912216968424086e-02        -5.4072656686122572e-02         9.0398256068239084e-03        -2.2762757017094756e-03        -4.6414655661586434e-03
22                                     2.7079238110613517e-02        -1.2428209542930784e-02        -1.2953772570239127e-03         9.2165772875575334e-03        -1.3709715285399883e-02        -9.0009633970304662e-02         6.4116257307381505e-02         6.7263527882710670e-03
23                                    -1.6967858462050435e-03        -2.0959023453670064e-02        -2.8992610262766421e-03        -1.4792586180941187e-02         1.4242201350940487e-03        -7.4437345526388018e-02         5.3151984560961610e-02         5.4103320763838458e-03
24                                     4.1573533147977369e-02         1.0706508644478457e-02        -5.3989204067369768e-02        -3.8506500353213839e-02        -4.5080949210406958e-02        -2.9725260187988532e-03        -5.5681419866562452e-04        -1.7331802303979652e-04
25                                    -5.8507668086580686e-02         6.9041514855019845e-02        -5.8698226922845823e-03         6.0848303253607738e-02        -1.6028213210239457e-02         9.5731513250508063e-02         2.1566851152937477e-02        -1.4952855100961168e-02
26                                     7.7816343605435533e-03         8.3027368367274521e-02        -3.0990529581210432e-03        -7.1957159852576280e-02         2.5069626034686130e-02         7.6656712802504190e-02         2.0763932548771357e-02        -2.0219075898945605e-02
27                                    -1.4612493401555623e-01        -8.3092453804826064e-02         1.9390657918719167e-01        -1.1480543767308993e-01        -1.7447606704587223e-02        -4.3262483887009873e-02         9.4833019960194373e-02        -4.2443071042620190e-01
28                                     5.3480013518691187e-02        -5.0845801908255737e-02        -6.3126234616443913e-02        -3.0198105416478681e-02         7.1486014882339743e-02         2.6942722732022046e-02         4.7123432662565575e-03         2.7777065638958276e-01
29                                    -4.0802757259566072e-02        -4.9369160296910956e-02         8.6577563502386726e-02         2.3405341885107608e-02        -8.2703116721770470e-02        -1.0226459926148613e-02         2.3059894455247022e-02        -1.4685235067016270e-01
30                                    -1.5183007396688081e-01        -3.3927071327287700e-02         1.8509543384244009e-01        -1.5576598786649637e-01        -2.0463855602193402e-02         4.2440049025743401e-02        -7.1933053218912080e-02         3.6499822185698172e-01
31                                     2.8398778930892599e-02        -3.0631348762097325e-02        -3.0403875399590042e-02        -5.1498798373595001e-02         4.9003813138383465e-02         1.4992824632752710e-02        -1.1082421871329948e-02         1.3633912086078440e-01
32                                    -7.0647563868696146e-03        -5.7049137612041972e-02         3.2943920495886882e-02         2.9205096282010606e-02        -4.1732619076350008e-02         4.5793484801380964e-02        -2.8036874622589539e-02         4.1725732477661098e-01
33                                    -8.4329588199242911e-02        -2.0236804937236758e-02         6.5478187024401974e-02        -5.0356916725431730e-02         9.0144662581583157e-02         4.8941866892280046e-03        -3.0796942382301122e-02         1.2367316327743476e-01
34                                     7.2210829028776402e-02        -2.6318548977507433e-02        -1.1002961779503462e-01         4.7612697566596404e-02         1.2366629411991474e-01        -5.4783211494907808e-02         9.1197457829648249e-02        -4.9632475566063911e-01
35                                    -8.0388874390255258e-02        -8.8636918890337590e-02         1.6944107030986905e-01        -3.3567996396481697e-02        -1.4983165118706099e-01        -1.6513999880746515e-02         7.3827088184830150e-02        -2.7416738500369309e-01
36                                    -9.9214525167868800e-02        -5.6742972289146140e-02        -6.8509407813876336e-02         9.4418861830711409e-02        -8.8095200784244987e-02         1.5351293609520023e-02        -1.4240053206501147e-02         1.0868887651343051e-03
37                                    -8.7273755702126837e-02         9.1476732888913115e-02        -5.2663668806139929e-03         7.3243766758614132e-02        -7.6692839646224538e-03        -1.7340918886281884e-01         1.7745578677219245e-01         6.3100864548982727e-02
38                                    -1.2339792984308318e-02         1.0283926695297239e-01        -9.3159546840024914e-03        -7.5258556908044741e-02        -1.6393134598371717e-02        -1.4108786029152967e-01         1.4974389114500453e-01         4.4395272253644973e-02
39                                    -8.4072894612555293e-02        -3.6950786363209948e-02        -5.2241600951412739e-02         9.9273929403771860e-02        -4.1349869979539711e-02        -1.2806297577735812e-02        -1.3150313223133059e-02         2.5320809477285978e-03
40                                     5.3524196736167033e-02        -3.3014156432261181e-02         4.4842465597292420e-03        -1.4793721323230946e-02         2.1222022070073159e-02         2.2415420475081477e-01         1.6289818808082543e-01         7.4412372832864306e-03
41                                    -4.1083079496032952e-02        -6.6159662955496065e-02        -5.2280517661790690e-03         3.3805978205129573e-02        -3.5059626974735941e-03         1.8535782271276630e-01         1.3312016459394113e-01         1.2256309878138310e-02
42                                     9.0457156145119406e-03         1.5785574298814265e-02        -6.7601171955693456e-02        -2.7384406467371003e-02        -8.5371295038142683e-02         5.3962831169206355e-03         1.0213025080824297e-02        -5.8378219543074681e-04
43                                     1.4983499413195683e-01        -1.6036100461029004e-01         1.1167743365798824e-02        -5.1264313483976601e-02         1.1897564442424007e-02        -1.1390344645573333e-02        -1.4874101286578770e-01        -2.2671693393408042e-02
44                                    -6.6956405505406991e-03        -1.9137900610036698e-01        -2.2664877625425683e-03         5.2865973120340679e-02        -2.0227165922309869e-02        -8.1204900398842168e-03        -1.2535722077130074e-01        -1.2271126762438682e-02
45                                     9.5870600597251748e-02         4.6462682553155499e-02        -4.9880022664377209e-02        -1.1751280353960412e-01        -1.9351512703653814e-02         1.4051938968731947e-02        -8.3263204614935117e-03        -1.2244750121531591e-02
46                                     5.6723112116063283e-02        -3.6904937621109211e-02         2.3422994438585189e-03        -3.9072719457666607e-03        -8.9302705473840848e-03        -1.8715420269150385e-01         1.9634871024452091e-01         3.9661694402071963e-02
47                                     7.7216969890965710e-04        -5.1326960873589823e-02        -4.2219635678302685e-03        -1.3177455476308393e-03        -1.1579734660228243e-02        -1.5316348584070827e-01         1.6008879933497877e-01         3.4802055490308646e-02
48                                     7.4320517236224917e-02         2.3375509383566830e-02        -5.8572716380340548e-02        -9.2121236576836116e-02        -7.2415836347428972e-02        -8.4541200627463765e-03        -8.1291847041379695e-03         4.6429143057427955e-04
49                                    -8.9317668945028864e-02         9.6284594662764705e-02        -1.3346742124556029e-03         8.8019106770036298e-02         5.7354816765667954e-03         2.2090108570519751e-01         1.4350201427135004e-01         1.0785270473067186e-02
50                                     1.7463425648516339e-02         1.2078658751013478e-01        -6.0882529742750172e-03        -1.0470269221169859e-01         1.3159714344352678e-02         1.7922734854743982e-01         1.1818116089958861e-01         1.2476139278861113e-03
                                                        16                          17                          18                          19                          20                          21                          22                          23

0                                     -9.0277494401592960e-03        -8.7450070964269405e-02         7.9761220423230940e-04        -5.8262926780277497e-03         8.4366632064119734e-02        -3.0831025075188012e-03         2.6092047217784343e-03         6.6575757496828800e-02
1                                     -8.7363501291560092e-03        -7.7301978740321728e-02        -2.2185406238098117e-03        -4.2226731647702883e-03         7.6985294335629589e-02         9.3476899676447412e-04        -2.7592899412980606e-03        -1.4801472486817135e-02
2                                      9.0884985877119386e-03         7.7044724066452824e-02         1.9143045507558038e-04         5.9371435172898982e-03        -7.2338269258712895e-02         6.0663272503503046e-04        -5.2242455706153334e-03         2.0440174732761298e-02
3                                      3.2614407053641464e-03         3.4938721367113318e-02         1.0523945825154750e-03         8.1563115990154617e-03        -9.3092455868912946e-02         5.2781080751787318e-04        -1.2929494767571431e-03         6.2293711543742886e-03
4                                      7.1588598691575407e-04         2.3093364578721236e-02         2.5967911085848770e-03        -2.4052135815444899e-03        -3.2823666215910631e-02         8.7638154173566259e-04        -2.1891228697865392e-03        -4.2954300413572163e-02
5                                     -2.9113363962126481e-04        -2.4256140820259914e-02         1.8271680580594350e-03        -6.7826831525060203e-03         2.9732079323086639e-02        -8.0225711924535205e-05        -1.0313507314027701e-03         4.9610743787841201e-02
6                                      6.7848181168546253e-04        -3.4706707372554199e-02        -4.2319777579916985e-05        -1.6947888395089693e-03         1.8614349160057650e-02         3.6658391157769421e-04         7.3734232146943049e-05        -4.5251206694994217e-02
7                                     -1.4468680493087763e-03         3.7159630709210766e-02        -1.4615982880857332e-04         8.3839084753271724e-03        -3.5047518037694798e-03        -2.0490596193864200e-03         5.0423801857659390e-03         8.6702528863789208e-02
8                                      2.3153594568499471e-03        -4.4028067425228384e-02        -4.1762736212853452e-04         7.6409733468164841e-03         4.4491717411406654e-03        -5.9395966471025182e-05         4.5009326701658022e-03        -1.0117754364627705e-01
9                                     -9.6499672509676223e-03         1.0823909131741635e-01        -5.5580336594827032e-03        -9.6164041954599922e-04         5.1100198630838790e-02         2.4359409113757074e-05         1.9021435681993186e-03         4.8930636470811577e-02
10                                    -3.5382409858344482e-02        -8.8839388557232710e-03         6.8826173823447259e-02        -7.5972504198344587e-02        -9.8728437967308385e-03        -1.1424584869266933e-03        -2.7650856557858438e-02        -4.2080211168613896e-03
11                                     4.2514673083324815e-02         1.9541159827101601e-02         5.5638791005480269e-02        -6.3269578524915007e-02         1.3105644439282825e-03        -1.1863365793889494e-03        -2.2894604816577076e-02         7.7156304006312541e-03
12                                     7.7647591659465817e-02         2.2774429556670205e-02         2.8407190196213955e-03        -7.0040393566670718e-03         4.1512402831418910e-02        -3.2394141382363502e-03        -4.2197073123393831e-03        -2.2226946016718082e-03
13                                    -5.9665391485309638e-02         4.2992938349731176e-02        -6.1118570320138184e-02         4.1442995736639010e-02         4.1457525943434499e-02         4.8120333411651985e-02         6.7245705255521274e-02        -3.7881854906716930e-02
14                                     7.8395610284113057e-02        -4.9232051182153243e-02        -4.9482971658526879e-02         4.2425158892053776e-02        -4.1157109292181679e-02         3.9636691796427273e-02         5.5190862746607249e-02         4.2381640933253154e-02
15                                     1.1289664906573393e-01         1.2500443154859360e-02        -6.6723805400751594e-03        -5.6035393669459912e-03         5.8859075152268812e-02        -2.9186198027946770e-03         7.5388513437782040e-05        -1.1632122092044670e-02
16                                     5.4134371318513147e-02         4.3562841969364649e-02         8.5250325591626153e-02         1.4155880268369087e-03         4.8715872597000498e-02         4.5849424311568396e-02         1.1866886520301731e-02        -3.9275908658064317e-03
17                                    -5.6948345048049312e-02        -5.1399969038498423e-02         7.2498049794663039e-02         1.0086728943027128e-02        -5.0667071457308657e-02         3.7837601299746525e-02         9.5663068931996879e-03         8.6916874377497982e-03
18                                     9.4745424427798812e-03        -9.7154848156463289e-02         5.1978811201024060e-03         2.9398793752860573e-03        -6.6141982445724057e-02        -2.1745540218182696e-04         3.2033741820914449e-03        -2.3736334368559927e-02
19                                     3.5629362984326007e-02         6.7562177803610181e-03        -6.9371959112128387e-02         5.9750113061354214e-02         8.0245622567813434e-03         1.8897691864861541e-02        -6.6146091792903303e-02         4.6401272504320613e-03
20                                    -4.3663412893055566e-02        -1.5081848496072411e-02        -5.6686651024412116e-02         5.0345673405729673e-02        -5.0361697954406179e-03         1.5365519281134277e-02        -5.4771312806729429e-02        -1.9010878117945989e-03
21                                    -8.2690932683398832e-02         4.1931861378059140e-03        -5.9944261078770890e-03        -2.5230994864858607e-03         1.3165992065801253e-02         2.4228495293045888e-03         9.2717237244826264e-04        -1.4152660018474537e-02
22                                     6.8175741818648009e-02        -5.0061368330283997e-02         8.7759073914155744e-02         1.7074778855273722e-02        -4.1241466737242556e-02        -3.2771847294507751e-02        -2.3503999236041986e-02         4.1542914095275109e-03
23                                    -8.8831722849126590e-02         6.1809551250174295e-02         7.0304871736862465e-02         4.3679680978160685e-03         5.7284478228953821e-02        -2.6955424954289150e-02        -1.8778374386528990e-02        -1.8094609270471625e-02
24                                    -1.0540026387343174e-01         8.9128640566271886e-03         3.2500770667487217e-03        -5.0607912182432857e-03         1.2097625387310440e-02         3.5630552001754221e-03        -2.3698300950046759e-03         1.9917938497621093e-02
25                                    -4.7816619140032560e-02        -5.0347388273177834e-02        -5.1621534709537044e-02         6.4965547369745705e-02        -3.1388375399213693e-02        -6.9590088662230445e-02         5.4922180453046518e-02         3.6832239872022270e-02
26                                     4.9330496684787298e-02         6.3369095643382112e-02        -4.4354752393039508e-02         4.5031049970846018e-02         4.7272772711725981e-02        -5.5955246383308968e-02         4.4961125145163920e-02        -4.0330268627370588e-02
27                                    -1.3117079927315031e-02        -5.9173064256473722e-02        -1.4683420184494318e-02         1.9703283952628520e-02         5.3000335647188208e-02         5.1193102164727375e-03         4.0422427771921635e-02        -2.0540380260716559e-01
28                                    -2.6310505441076914e-03        -4.1907332070874208e-02        -2.3920188061872846e-03         5.1650199436948242e-02         2.9218904010175149e-02        -9.5862254328904026e-03         6.4253822934236246e-02         4.3952405659931693e-02
29                                     6.1197754480626938e-03         6.1956578049108604e-02        -1.1367814009957938e-03        -1.5345069751906705e-02        -5.0938647171243766e-02         5.6510903236336278e-03        -3.0372227748565746e-02        -2.8215924112227612e-02
30                                    -6.2676300757398846e-03        -6.2828458678599333e-02         2.9234270644803067e-03        -2.3948025278580826e-02         8.2280899738309723e-02         8.7308915410685747e-03        -3.2642522255767963e-02        -2.7125326757685975e-01
31                                    -7.5571337497174033e-03        -6.6991422281615240e-02        -9.4529228494318334e-04        -8.9674497115200241e-03         7.3567578852087784e-02         4.2318135827242110e-03        -1.4162850703975100e-02        -1.3138333515950185e-01
32                                     1.5268274669939897e-02         8.5454005508861411e-02         3.6206814344552974e-03         5.6404917604618056e-02        -9.1018245707323434e-02        -1.2330665482061524e-02         5.7484429771580345e-02         9.4631473270698929e-02
33                                    -6.1924879566371436e-03        -8.2448513736561799e-02         8.0385838991987989e-03        -1.1170511414164332e-02         6.4280231355915582e-02        -8.7105561111604050e-03        -9.2319968573552711e-03         2.2857750077987585e-01
34                                    -1.2637098984409690e-02        -7.7642796526130028e-02        -1.2203410594156232e-02        -1.2398604949088041e-02         3.9056046653059694e-02         7.1561214878488461e-03        -1.6958007400641737e-03         2.4585850138232715e-01
35                                     3.9630478704228223e-03         7.1573025195516282e-02        -1.3930146254476392e-02         1.5610181095947492e-02        -4.5674674449890450e-02         1.1627265676522128e-02         1.6862211729390172e-02        -2.5499304134693557e-01
36                                     1.8680293039912022e-02        -6.7682081932575716e-02         1.6919069762599562e-02         9.7786187907760082e-03        -1.6349872254598895e-02         2.2180471011266266e-02         2.6539891418197795e-02        -8.1161813802501759e-02
37                                    -7.6016565648385673e-02         1.4253989309737338e-02        -2.5005955772604410e-01        -1.1610922156526035e-01         1.1230249585235528e-02        -3.2904872515403283e-01        -4.0085107158178401e-01        -4.9996599121666721e-02
38                                     9.4896678873531606e-02        -2.8521305822912100e-02        -2.0594265895383249e-01        -9.0262146837142190e-02        -3.9978211483040149e-02        -2.7152163899190851e-01        -3.3063686707727341e-01         7.6560543466945685e-02
39                                     6.0151783130843378e-02         9.1647136245485983e-02        -4.7007187026878875e-03         5.8356184899772236e-03         1.4655545684515947e-01         1.9920633702829406e-02         6.4880414813450055e-03        -3.9676349991050776e-02
40                                     8.0772762790845859e-02         2.5318165982943256e-03         4.0120275269446115e-02        -3.0928643993074090e-01        -2.1196256027830693e-02        -3.1906824779394410e-01        -6.4468525041252916e-02        -8.0788560061368937e-03
41                                    -9.0663479366140498e-02        -2.5892313515799813e-03         3.4208939765859099e-02        -2.5569818875808864e-01        -2.0871899986024040e-02        -2.6447090422213615e-01        -5.1921343332482835e-02        -2.0853203759849018e-02
42                                    -1.7599954186963224e-02        -9.4727412430193864e-02         1.9560781315069064e-02         2.8435555759299593e-02        -6.5366339130444387e-02         9.1780657565163765e-03        -2.6079252211819195e-02        -2.5932054932456556e-02
43                                    -6.9024652472862782e-02         9.0456192918330017e-03        -2.9325402680823925e-01        -3.3816729148060393e-01        -4.7616709061826350e-02        -1.2668567696602792e-01         3.8998869288019161e-01        -1.7301577342916867e-02
44                                     8.2189845612978707e-02        -2.7768572344903077e-02        -2.4137601879958243e-01        -2.7825555783695327e-01        -2.5500042422423874e-02        -1.0484371159059611e-01         3.2130529005733555e-01        -7.3439936897566277e-03
45                                    -2.1306269361499371e-02         1.0742132542262406e-01        -4.3112884446890147e-03         1.0674826870234829e-02         1.0474906511960497e-01        -1.2006318257353365e-02        -8.8252343222174571e-03        -5.6615970933942626e-02
46                                     8.5644373578446606e-02        -2.7188549220995145e-02         1.9790588295037749e-02        -3.5750619433599390e-01        -5.2326356446865861e-02         2.1346797715286170e-01         1.4497295140267402e-01         3.1205606181170440e-02
47                                    -1.0412109543211175e-01         3.1980985177219159e-02         1.5960516392547787e-02        -2.9669188244562639e-01         6.9024856356882892e-03         1.7368595137530315e-01         1.1830433714627162e-01         1.8999953965317135e-02
48                                    -4.8417114115494493e-02        -5.9129667790495867e-02         1.6598246467786119e-02         1.4621475430110848e-02        -2.6819143062567427e-02        -2.5929091450776948e-02         1.7927781515302672e-02        -2.5544484631714687e-02
49                                    -7.3885014616591638e-02        -2.4871144021646252e-02        -2.6653958240216730e-01        -2.1042347446355625e-01        -3.6682518741117290e-02         4.4147636278892360e-01        -2.9495973668736086e-01         5.6810915108466246e-02
50                                     8.5374720739290422e-02         1.4543903789431717e-02        -2.1613845997663550e-01        -1.7239817362230136e-01         5.4458328981185885e-03         3.5429211921933795e-01        -2.3558034555091797e-01        -7.6034690159518803e-02
                                                        24                          25                          26                          27                          28                          29                          30                          31

0                                     -2.1136816292580403e-03        -1.8227848929272483e-02         1.4961038461203557e-02         1.1100669939817544e-02        -8.0431498119958034e-03         4.7828990153541931e-02         1.0336282493421342e-02        -3.2103591221435017e-02
1                                     -2.1121983247410453e-03         3.7175418262411259e-03        -5.3371894130676771e-02        -3.7974360531479949e-02         4.0942202765643330e-03        -2.8166264064893278e-02        -1.2977619986530603e-02         1.3268385296910616e-02
2                                     -2.9734436861507839e-03         2.4376990698865886e-04        -4.6353891212880215e-02        -3.1428213640077654e-02        -1.7365881189129705e-02         6.0045547301031128e-02         2.0671189742069777e-02        -1.8920972000219822e-02
3                                     -8.9328722566888667e-04         1.2318162879908004e-04        -6.1231940071822567e-03        -4.0176501520448257e-03        -4.8144446452662729e-03        -1.2753439109219266e-02         1.0458451329730570e-02         4.7865037265247899e-02
4                                      3.3492873798147606e-03         1.5174273758249122e-02         4.1409814376908898e-03         2.6485883255675411e-03        -7.2330732529932674e-03         2.9476465629980193e-02         9.3517325135236921e-03        -3.9134765337032550e-02
5                                     -3.6896151541272126e-03        -1.7389406636867950e-02        -6.1074727961423483e-03        -4.1071561465924299e-03         8.2294913601723401e-03        -3.6600890510094394e-02        -1.0366810007010537e-02         5.0454143349274894e-02
6                                      3.3939105083108274e-03         1.3582100586680320e-02         6.8585063214745166e-03         4.5104797821317912e-03        -4.3232758075548161e-03         2.6022493069801200e-02         4.8521150785273891e-04        -3.6251984134658077e-02
7                                     -5.8520066060401390e-03        -2.8801028160817255e-02         1.4698629236434399e-03         6.5282421379538795e-04         8.0092060365643241e-03        -3.3969662408660818e-02        -3.4474537622921648e-03         5.6632787131114720e-02
8                                      7.4863576671835123e-03         3.2693675990760403e-02         2.1171003508774829e-02         1.3065038668453662e-02        -8.4384422676140429e-03         4.1317924864963315e-02         3.8692683563481211e-03        -7.0967643592113300e-02
9                                     -5.5881600863793811e-03        -2.4869901251383164e-02        -2.2559752654476167e-02        -1.6636902612030997e-02         3.5863447828085010e-02        -8.8732480327885277e-02        -9.3694939599396315e-02        -1.5848484987500111e-01
10                                     6.0262490076011766e-03         1.3019601186874379e-03         1.9707360262199866e-02         1.5214146704873675e-02        -1.5243504196324476e-03         1.5617783087594046e-02        -1.8278758070886140e-02         8.3932977681522424e-03
11                                     3.7178310733990468e-03        -4.4949870884268515e-03         9.6794990615221236e-03         7.6682302168070036e-03         8.9046536238818249e-03        -3.7121772500572817e-02         1.1393441501865911e-02        -2.2328555933085487e-02
12                                     4.1865774928015803e-03         4.2668911608462458e-02         1.5033211011614832e-03         4.4120987708571261e-03         4.3250650708053416e-02         3.2334429603720571e-02        -6.0354905836168295e-02         2.3605277367822693e-02
13                                    -4.6627831372060634e-02        -9.1150353892846134e-02         1.9013195358749298e-02        -3.9244031053145646e-02         7.3863722230027703e-03         3.5192795834112899e-03         3.0849246122493800e-02         8.5590608827549111e-03
14                                    -3.9839131114170416e-02         1.1632202792136781e-01         1.7806055264829649e-02        -3.0233115864781241e-02        -7.8555636533134965e-03         2.7483294417668023e-03        -4.0915400624759179e-02        -8.6644668125902581e-03
15                                    -1.1577336280372140e-03         2.3577925030797111e-02         1.0928745406512978e-02         1.8411188679929211e-03        -4.1379990938579837e-02         3.0155007288255122e-04         6.4727060749369417e-02         3.1102872685503258e-02
16                                     4.6393850516706442e-02         2.6349210126739169e-02        -3.8358864958765927e-02         6.7445214414366572e-02        -7.6988697453465510e-02        -8.3314894347356738e-03         3.4521307769336471e-02         2.1752261603134711e-02
17                                     3.6506052001511968e-02        -3.1645063573200148e-02        -4.6324320422898961e-02         4.3376108359033515e-02         9.1323685360534979e-02         9.2035303476802194e-03        -3.6849028276691433e-02        -2.4260309056735267e-02
18                                    -3.7290309302413270e-03        -1.3492546655533863e-01        -5.2904956437683885e-03         2.2415144216914873e-03        -1.1144751937800906e-01        -2.3487136937239941e-02        -2.6886833319846471e-02        -1.5907019711441008e-02
19                                     2.6375313075277025e-02         1.0331903754629420e-02         3.8379656831123612e-02        -4.5991063715807301e-02         6.2844569187874436e-03         2.1162366551272821e-02        -3.9649615943114142e-02         7.9936719292720958e-03
20                                     2.1154920119115524e-02        -2.4383348281535815e-02         2.8559791469354792e-02        -3.9828451251711632e-02        -1.6120315932797839e-02        -2.8116160294038205e-02         4.5860446542239870e-02        -1.1056091432978072e-02
21                                     5.9635554083734563e-03         1.3045889064849771e-02         8.8042544992433368e-03         3.9465326865640886e-03        -7.1793283481999389e-03         4.0578612420525802e-02        -7.1823681455294424e-03         3.2233985842688731e-02
22                                    -8.1865360479972157e-02        -3.0171940363143464e-02        -3.0461117256052651e-02         2.4166845672621354e-02         8.3296278144078570e-02        -1.9941057760430460e-02         1.5907337546672656e-02        -3.4420463137105492e-02
23                                    -6.4120378784641302e-02         4.1342916215336839e-02        -3.8464891011954026e-03         3.6796855729898027e-02        -1.0024551071398241e-01         2.7791938648422207e-02        -1.8684480141494840e-02         4.4608869642890528e-02
24                                    -1.6642379732376943e-03         8.3537776782155265e-02         2.3388024642424297e-04        -2.1894471741499275e-04         4.4118370236975256e-02        -2.6554515296962278e-02         7.6181288422718138e-02        -2.1012346440196922e-02
25                                     4.5287993226959457e-02         8.0475478817428961e-02        -5.0232711781769976e-03        -1.6634037124244713e-02        -1.1998838923385982e-02        -3.1166109046561575e-02         8.1474521968209878e-03        -6.1125405269555188e-03
26                                     3.8922519774872932e-02        -9.3290691606143186e-02        -1.0020654891020517e-03        -1.1598349453203939e-02         1.5471947611339788e-02         3.8406057169822462e-02        -4.3950074351054563e-03         6.4901245814982071e-03
27                                     2.1984484852842524e-02         2.5333474296452763e-02         2.7093000726814559e-01         1.8146747740234032e-01         8.3651850943055023e-02        -3.1555044394195375e-01        -8.7132426767016380e-02         1.3597079824172489e-01
28                                     1.9622446057598129e-02        -3.5004440975571531e-02         4.2287279560599716e-01         2.8945632345598843e-01         4.1705713466979183e-02        -7.3059112782121544e-02        -1.6330851481615474e-02         3.0686246385889580e-03
29                                    -1.0102384350507110e-02         2.0267574903245628e-02        -2.2778271596441535e-01        -1.5676220583460421e-01        -2.5643469273622176e-02         4.8849419749909820e-02         1.2957522332352995e-02        -2.5795904409845567e-03
30                                    -2.4300017380412650e-03         6.5291450176437532e-02        -2.5397619538518135e-01        -1.7876391313144302e-01         3.8046399301614568e-02        -2.4993546748749557e-01        -6.9989806933688448e-02         1.6203597349666382e-01
31                                    -1.6998580645091292e-03         3.2784435199084618e-02        -1.4357644002794331e-01        -1.0198551461949873e-01         2.0202187488693905e-02        -1.3198640171499293e-01        -4.0439390140137886e-02         8.1722551315563982e-02
32                                     1.7073558673622525e-02        -3.7939421630180527e-02         3.9295921487783231e-01         2.7071960331070183e-01         1.7039930280873365e-02         1.7680057309282373e-02         6.2897810974840351e-03        -4.2247683589715902e-02
33                                    -1.2508318573120849e-02        -4.6516390292291085e-02        -7.1472447961397748e-02        -4.5726157675012376e-02        -5.4131843448659116e-02         2.4025083341342512e-01         7.2275003708308291e-02        -7.9941976377472704e-02
34                                    -1.4572732572338751e-02        -5.4459215169244263e-02         7.2807150036562157e-02         5.8487610813091735e-02        -3.8212324161951826e-02         2.3082937630455203e-01         8.1757769316902124e-02        -7.6136083444041963e-02
35                                     1.5145835051741255e-02         4.6922430585656039e-02         1.2646020173725384e-01         8.3444947791792998e-02         6.3798479138107669e-02        -2.7347338166457524e-01        -8.3823682986161011e-02         6.7481460085728598e-02
36                                    -8.4810987477558671e-03         2.2558352473946549e-02         2.6760524880665829e-02        -3.4347505048039290e-03         2.4012065490419623e-01         2.9515734862512816e-01        -2.5629641570392586e-01         3.1332070058845968e-01
37                                     2.5118829241892149e-01        -1.0759430800364934e-01        -1.1570582001006405e-01         2.3443814094144405e-01         6.8582340707073294e-02         6.3614995751861733e-02        -2.3080558494718875e-02         9.2713787694687272e-02
38                                     2.0199117853745602e-01         1.2213862975521918e-01        -1.0201037190204454e-01         1.8982633783049396e-01        -5.1320506088240292e-02        -7.9331806855552717e-02         7.0941357606373154e-04        -8.8382060289821290e-02
39                                     2.0563180175326476e-02        -2.7401258156844349e-03        -1.0287601370280250e-02         2.5006280468424260e-02         1.4794299732704838e-01         2.2314713702479502e-02         2.4293770276477003e-01         3.2555453697422285e-02
40                                    -2.4623909418558981e-01         3.8456599502791712e-02         2.8655554905260749e-01        -3.4160563241021624e-01        -1.7838571472509596e-01        -1.9665252949392909e-02        -4.5118857475032949e-02         2.3561207419643054e-02
41                                    -2.0229682761247861e-01        -4.0977604179923383e-02         2.2078720573004751e-01        -2.9894523251244481e-01         2.2261218953970233e-01         2.6081344592689699e-02         7.2656056365793545e-02        -2.5031269172417856e-02
42                                     7.5032888794227988e-03        -1.3762935758239345e-01         1.1603097255352501e-02        -1.5853313565960807e-02        -1.2639777961190907e-01        -2.5130193567999697e-04        -8.9603636535282916e-02         1.9061988008146379e-05
43                                    -1.4827001953327945e-01         2.1710544657044861e-02        -1.9026817772570051e-01         2.6931251981526011e-01         2.2035112918560545e-03         1.1643899269613843e-01        -2.8322280330316618e-01         6.1495358566032991e-02
44                                    -1.2303820202363681e-01        -2.9679790770644764e-02        -1.6994310658074738e-01         2.1050271882131297e-01        -7.3642535848013725e-03        -1.3882916507666451e-01         3.3974113903100411e-01        -7.5940151678500892e-02
45                                    -2.4014313153673427e-02         8.2881049114044789e-04         1.0013288898001222e-02         2.3925951555269692e-02         2.0960527842930926e-01         2.2231298387023882e-01        -9.3469389142133277e-02         1.0147859868508756e-01
46                                     4.6526108664208216e-01        -4.0055711403863041e-02         1.1002791331323816e-01        -2.1214931540135282e-01         1.4235571874763711e-01         2.4526316404738846e-02        -8.0027372495317904e-03        -1.7647920108263760e-02
47                                     3.8059794363720745e-01         3.3097591290469991e-02         1.0743538720696459e-01        -1.5743078122324075e-01        -1.6900804597326929e-01        -1.7324280165814793e-02        -2.6896840351729738e-03         3.1363128760846487e-02
48                                     2.0812619782210769e-02         3.4411941557854500e-02         7.4236466083753161e-05        -1.0097663249634957e-02         2.1693864665246512e-01        -1.0426611674469085e-02         3.8032435833860284e-01         6.2514443307221182e-02
49                                    -2.6121903512420935e-01         1.0849288627112946e-01        -5.9562566410224858e-04         1.0286763468856211e-01        -8.1225531949958615e-02        -4.5370149630386533e-02        -1.2895209508555269e-01        -5.4516852283977020e-02
50                                    -2.0182413678088237e-01        -1.2845467601463167e-01         4.5981863798405321e-03         8.2740662953427135e-02         1.3053817634603385e-01         5.5322907644933361e-02         1.9556191088813854e-01         6.3712904021525421e-02
                                                        32                          33                          34                          35                          36                          37                          38                          39

0                                      8.3224344618335370e-04        -4.6687241669506633e-03        -1.9899617756939967e-02         2.9339825945436038e-02        -5.9007183409127494e-02        -1.5269627712753239e-02        -3.1549614744059859e-02         1.5285321583104031e-02
1                                      7.2003850540339003e-04         1.9625025505877790e-03        -9.1452510782949591e-03         3.2678782910142729e-02        -5.5193304108072438e-02         3.5042750874044203e-02         3.5363742521061413e-02        -1.0380398895527781e-02
2                                     -4.9530756379151343e-04        -1.7357538648624118e-03         4.0095190278850593e-03        -2.4267882078645792e-02         4.0163632890547210e-02         5.4444545555239289e-02        -3.4038145818240405e-02         1.0645364995065153e-02
3                                     -2.2614596898971259e-03         1.0106039496006157e-02        -1.9503179435058238e-04         6.4638419889546349e-03        -7.8275194193256278e-03        -6.6526350110524717e-04        -3.8339910512135960e-03         2.3523976519934662e-03
4                                     -4.5438795796546189e-04        -2.0727623979345405e-03        -5.3797419691699591e-03        -2.3117176818027588e-03         2.5054466644361730e-05         6.4518185812838290e-04         2.2508388073142201e-04        -5.3414758114675729e-03
5                                      3.8421625503020230e-04         3.3676172119248607e-03         6.0593173210404319e-03         3.5016057913149238e-03        -1.2758384518899340e-03         7.9631533735953822e-04        -8.7443498562610959e-04         6.6297308963674979e-03
6                                      5.6387254224186088e-04        -3.0635637938205233e-03         1.1213009874941357e-03        -2.3907988173622555e-03         3.2263770922525163e-03         1.5005643989793457e-04         2.0221527285565356e-03        -1.2608575966747545e-04
7                                     -1.2965171636569089e-06         2.2561598791005239e-03         1.6074311554277433e-03         4.4910257503688808e-03        -3.0679524751863617e-03         3.4756884253016036e-04         9.2388593265258650e-04         1.4434575346225407e-03
8                                      5.8759846850898560e-05        -3.0476106408473379e-03        -1.7866280260690590e-03        -5.4183030788191276e-03         3.7251091929979582e-03         2.2885425982804896e-03         5.2222716493237281e-05        -2.0745629319907349e-03
9                                      1.2208605680549546e-02        -3.7954008034786040e-02         1.8656315607932655e-02         7.7800816115840259e-03         1.2892734689191955e-02        -3.1555841463589032e-03         1.2075240810559915e-02         1.1862157780068225e-02
10                                     2.0475208571067282e-03         3.3175902184676316e-03         9.3636365978885250e-02         5.9391945807628008e-02         1.5276536320884538e-02         1.5525572963875859e-03         2.4714682014721757e-02         5.4758442119507020e-02
11                                    -1.4337171147058292e-03        -6.5357203227167562e-03        -1.1255857123624935e-01        -7.0515283009575130e-02        -1.8227524107811074e-02         1.7113237437437335e-03        -2.9278022424462688e-02        -6.5545899238576025e-02
12                                     8.1797787501556151e-03        -4.2171456070773626e-02         1.4594011919354138e-02        -1.0442299233128358e-01        -5.3776887131341614e-02         3.9669973419535843e-03         2.1485405679557850e-02         6.1140314954571472e-02
13                                     3.8253353703718157e-03        -7.2669879308384045e-03        -1.4816879657182699e-02        -3.0331199647711072e-02        -1.6492519543258352e-02         1.1750379473177326e-03        -1.4278231432080799e-02        -2.3786831253346297e-02
14                                    -3.9192632167136688e-03         5.5481720786383637e-03         1.9038887990631477e-02         2.8221987359966387e-02         1.5552333863664973e-02        -1.8609247525832773e-03         1.8826708039721800e-02         3.3817368095567665e-02
15                                    -3.6991591908926778e-02         3.7646287932984995e-02         3.1683058260414884e-02         6.2051569875894698e-02         1.3572127304502061e-02         1.4523626702733633e-05        -4.7604956062547367e-02        -9.4895982911667703e-02
16                                     1.3690353617712776e-02        -1.3219124522320038e-02        -3.0318900169594282e-02        -2.8108655000939634e-02        -8.5740436364503438e-03        -7.4994780578048015e-04         6.0584792244371532e-03         5.3000669174190504e-03
17                                    -1.9507267557738645e-02         1.9059536454116479e-02         3.9122349097440591e-02         3.8674760320094717e-02         1.1391873275749278e-02         6.8165262768478635e-04        -1.1034925793499680e-02        -1.3768777703380699e-02
18                                    -7.9272140399918919e-03         8.4842913828119034e-03        -1.4258337440442937e-03         1.9876403218993310e-02         1.3182677781251057e-02        -2.2266755133494745e-03         7.0154663457232804e-03         8.6157527689065105e-03
19                                    -3.3847939347596376e-02        -2.4550015513752545e-03         1.3467297952717582e-03         7.0562078736434761e-02         4.0319359944172198e-02        -1.4459207522942057e-03         1.9476093415537427e-02         4.3778126151834310e-02
20                                     4.0547819900387840e-02         3.8092865333402394e-03        -1.7059905276101315e-03        -8.4010083583013206e-02        -4.8041196580830621e-02         1.7353451044808048e-03        -2.3173698211602634e-02        -5.2636866502342186e-02
21                                     3.0592141019100870e-02         5.3371666953057964e-02        -4.4684766380878864e-02        -7.2214115649039332e-02        -2.4751282757974374e-02         1.2552717746550559e-03         4.7432972303732258e-02         9.9904691937524159e-02
22                                     9.8612507988974449e-03         6.3958193045843166e-03        -2.5860504666400452e-02        -2.3352589576084003e-02        -4.5272289875694840e-03         1.0350420505062167e-03        -3.3270670671453110e-03        -6.5703345657369102e-03
23                                    -9.8365909692943454e-03        -4.1465901954983392e-03         2.8639263927070377e-02         2.3084623908568538e-02         3.8835302944875269e-03        -2.2051433990899491e-03         7.4868079721566129e-03         1.5402477193257635e-02
24                                     5.8116581854604748e-04        -5.1474709490136467e-02        -1.8099132542648035e-02         8.0203929977239213e-02         4.6298537859791829e-02         2.2622087961997736e-03        -3.6182217271640026e-02        -7.2283071852550687e-02
25                                     2.9230534084422476e-03         1.4884253090324970e-02        -1.2127543230446116e-02        -4.1194610116158208e-02        -2.3230564423277113e-02        -1.9589611222592014e-03        -6.0084636973236792e-03        -1.4230154749498129e-02
26                                    -3.3967307019415237e-03        -2.1773537668513900e-02         1.3745716207301022e-02         5.5910636666669469e-02         3.2520681993786008e-02         9.2173145071498840e-04         4.3054774796355728e-03         1.2418241208473412e-02
27                                    -4.8469897920973851e-04         1.7047020747843204e-02         8.4541593931808018e-02        -1.3570592857095642e-01         2.8144491714286979e-01         3.8788124001592733e-01         3.5236999247452933e-01        -1.7986756619734987e-01
28                                    -3.4678903487758125e-04        -2.6759001362637079e-03         4.5059677855167193e-02        -1.3135922809944844e-01         2.5271526958850632e-01         1.9296691308614697e-01        -4.7415247671217792e-01         2.1000920377110416e-01
29                                     1.6872260530268539e-04         2.0250698692406929e-03        -1.2684620871510500e-02         3.5475882501581422e-02        -7.0356716860398211e-02         3.8802763998012693e-04         2.2345270264605122e-01        -1.0326127180057663e-01
30                                    -7.3452105234878906e-04         1.7918720006229145e-02         1.0965960531420516e-01        -2.1632290476564153e-01         4.1317528160686812e-01        -3.6660542549060265e-01        -2.4063709107828523e-02        -1.0552640981242974e-02
31                                    -2.9049042240306865e-04         9.6631938185234769e-03         3.9176269825380743e-02        -5.6919138031113516e-02         1.1809158984784331e-01        -9.6845662383327272e-02         2.7130681813536710e-02        -1.4265372375718547e-02
32                                     1.1748402302773837e-03        -3.9240881168162590e-03        -2.1338118657641309e-02         5.9605075538550392e-02        -1.3221198382826424e-01        -3.5341268386699914e-01         5.2356791756882948e-01        -2.4652390528343493e-01
33                                     2.5786839620324563e-04        -1.4923133445080417e-02         2.5220051007318434e-02        -1.0831883935639160e-01         1.7724828999834577e-01         1.8574798245390642e-01         1.0673604208702663e-01        -7.5790906786131013e-02
34                                    -2.2432679965737157e-03        -2.4642305129332184e-02         7.3410706417648935e-02        -2.2430434967528684e-01         3.7118218797775820e-01        -5.5398570243085898e-01        -2.5361859121138447e-02        -2.9967293437443903e-02
35                                     6.5416422916930831e-05         1.5650205543769776e-02        -6.6206303198864960e-02         1.9115752248531628e-01        -3.3044095305871762e-01        -3.7423930846128178e-01        -2.7822700306995962e-01         1.6607666282223274e-01
36                                     2.0832216647409443e-01        -3.7207448804938781e-01        -3.8011757174137467e-01         1.4621272398945223e-01         1.3209927773276969e-01        -1.1441435729228082e-02        -1.6047230411583260e-02        -8.3410579369142271e-02
37                                     5.9646972487363337e-02        -9.9067882096533000e-02        -1.2886243504182440e-01         4.3067473744970400e-02         3.6401138100480381e-02        -7.0233258424734154e-04        -2.8629108519181698e-02        -7.3184519325166925e-02
38                                    -5.6913761279339087e-02         9.1443256541017273e-02         1.2687329550202284e-01        -3.7050941702952082e-02        -3.3197118892964776e-02         3.9393131029793419e-03         3.3798552230484252e-02         8.1854808207142388e-02
39                                    -4.0508193809798876e-01         3.4547787930723861e-01        -2.6446066804250756e-01         3.4629826305097679e-02         8.3357686406438022e-02        -9.0046383654340117e-03         8.7669567268737134e-02         1.4087555877484889e-01
40                                     1.8990793597425765e-01        -1.5949076803891510e-01         1.0911615072747292e-01        -1.4957444698197172e-02        -4.2278241143436708e-02         4.3681113613246976e-03        -6.2332093678135476e-02        -1.1639961024984763e-01
41                                    -2.6106786565916229e-01         2.1974676415039784e-01        -1.5250382214636260e-01         2.0971072052708775e-02         5.7380205384840316e-02        -4.4600896313008341e-03         8.2600452335272842e-02         1.5184715523166203e-01
42                                    -1.0102464105011878e-01         4.9842428272770167e-03         2.0665195160216209e-02        -3.0807603269038641e-02        -2.4398477148330513e-02        -1.4358240145964239e-03        -2.6488827799760053e-02        -6.2656642504206841e-02
43                                    -3.9496441376859603e-01        -1.9472208063953240e-02         8.7432955403808618e-02        -1.2791514795729853e-01        -1.0618803119647639e-01         4.5311761104180198e-03        -1.1274659411487367e-01        -2.3180208408748665e-01
44                                     4.7219907511874204e-01         2.3828080522283013e-02        -1.0514270434236443e-01         1.5384166741695282e-01         1.2646222707944094e-01        -3.0729932635073999e-03         1.3480736977774244e-01         2.7666538153625830e-01
45                                     3.9956857890706909e-01         5.1940666393746238e-01         2.9838234240975037e-01        -1.4183827876663811e-02        -9.4721470667040911e-02        -7.3429157432523878e-03        -9.6164111127117299e-02        -2.0682262513592350e-01
46                                     1.1111913873129484e-01         1.3202453492845417e-01         6.4089573979768000e-02        -9.9005469706539319e-03        -2.3486272856407951e-02        -1.8047289255956438e-03        -4.5448655167422074e-02        -9.6042373662971248e-02
47                                    -1.0385319257948634e-01        -1.2096342811712404e-01        -5.7002540064869017e-02         7.8300261977204671e-03         2.2049762576513088e-02        -7.0051799507870466e-04         4.8510993977383940e-02         1.0328750039620990e-01
48                                    -1.2691683319794680e-01        -3.5254069304258190e-01         3.2300978537395636e-01        -1.1261215419587514e-01        -1.5573501352290137e-01        -2.2960995919233092e-03         3.1462851610186998e-02         5.2355605770256636e-02
49                                     6.0942388871899851e-02         1.5065343501179579e-01        -1.7616974577223959e-01         5.2126285709297178e-02         6.6100790298309064e-02         1.2550457629567524e-02        -3.9045461552218906e-02        -8.3676035304654173e-02
50                                    -8.8268208679689930e-02        -2.1773471026240940e-01         2.3932946826326365e-01        -6.5160911707867211e-02        -1.0201111427964397e-01         9.4388670173183933e-03         5.5699751895122121e-02         1.0310447469017869e-01
                                                        40                          41                          42                          43                          44                          45                          46                          47

0                                      3.3932894993386509e-04         1.4115044786262418e-03         1.4403701037210205e-03         3.2602507677618776e-02         5.0479332782718052e-02         4.1997686205886925e-02         6.5741496813097761e-05        -2.0342741075747749e-06
1                                      1.0582960433161938e-03        -1.7355242298301946e-03         9.5590416179379281e-04         1.7027359329159449e-02         7.0834691970114300e-03        -7.8336488545740920e-02        -2.3865387874501810e-04         2.6543177324200770e-04
2                                     -2.4847271953323436e-03         2.2353256959782085e-03        -5.8560887819353888e-04        -1.8566513878288775e-02         7.4936928579642473e-02        -2.4110847898105060e-02         3.6548204460909065e-06        -9.6263678790666982e-05
3                                      3.5864585831267620e-03        -5.0676791227144023e-04        -1.4964976029050543e-04         7.0077042553570734e-04         3.0022398257481977e-05        -6.8445860846151717e-06        -8.0185504471752585e-05        -8.4602108494200603e-06
4                                     -1.0336337211786272e-03         3.5448687149518374e-03        -8.1262810195075754e-04         1.2718505121856713e-04        -1.3713732302287728e-04         3.3581787522565213e-04        -5.4739378020486386e-05         5.0313628225049189e-05
5                                      1.4699964234250438e-03        -4.1738338770201068e-03         9.4971179216278123e-04         1.5415045067757418e-04        -1.8209669455543232e-04         2.4524379184039905e-04         6.8533902966039752e-05        -7.1181878337315228e-05
6                                     -1.1972619103731484e-03        -1.0311895531560685e-03        -1.1987960828486164e-03        -3.5736563002902863e-04         3.5206371997101330e-05        -3.2298351768730124e-06        -1.0524225479514488e-06        -9.2871206239635869e-05
7                                      2.2638883036447685e-03        -1.7028651595898459e-03         2.2282338392192115e-03         1.4956240747808752e-04        -5.5597884794934898e-06        -2.1325551897386597e-05         6.7265537217649611e-05         4.0801846308958981e-06
8                                     -2.7614111565638301e-03         1.9119333171671270e-03        -2.7576729537670077e-03        -2.2912361578378266e-04         4.8522952264229066e-05        -2.1826970446954622e-04        -9.0863132764858434e-05        -1.1595259578341158e-06
9                                     -8.2723032969934399e-02        -1.4650157697504763e-02        -5.5471145019192078e-02        -2.1879365344118246e-04        -7.1792182746487125e-05        -2.1021061599993098e-04        -4.4197264601534354e-04         3.9207731267887038e-04
10                                     5.4456843484465183e-03        -7.9970252620241711e-02        -9.8823589197259264e-04         9.3695850912825786e-05        -2.4889829880071513e-04        -3.8276611479174747e-05         3.3687604002529824e-04        -4.1822308917927595e-04
11                                    -1.3480498423291491e-02         9.6107136184241104e-02        -3.3203473170666862e-03        -8.2272044411269300e-05         2.2362789680784872e-04         3.4845295745482453e-04        -4.5199976145935550e-04         5.3830149577833249e-04
12                                     8.2777626627285494e-02         4.6139677567291197e-02         1.2694542178000126e-01         2.8538923231224546e-05        -1.1248300223955353e-04         2.7010174160414125e-05        -1.8558205451861664e-03        -3.0782112278587145e-03
13                                     4.0708024333007319e-02         4.6552761689907435e-02         9.9425090635715512e-03        -2.6702351689986672e-05         1.0230803827839443e-04         5.2608421984862652e-06         4.8181281461563323e-03         8.2749737507443171e-03
14                                    -4.2826418595467194e-02        -5.2807259924935950e-02        -2.0330277754230107e-03         2.0483243744250993e-05        -4.4115078254500407e-05        -9.9462966838551633e-05        -6.0040570774411882e-03        -1.0288631140923907e-02
15                                     3.8570296557942495e-02         2.3737370116174928e-02        -1.2362081863574602e-01         5.1083241618080814e-05        -2.6151584473060052e-05        -6.5792998855450211e-05        -2.2399850440552243e-02        -4.1590227153464221e-02
16                                    -4.9270557604601750e-02        -6.0034179240460124e-02         3.0649068011693446e-02        -3.1091454006803646e-05         2.1427487180663766e-06        -5.7707984524974648e-06        -1.8123707791104112e-02        -3.4050911400116325e-02
17                                     6.2762607494019018e-02         7.4605920734259104e-02        -4.6803848068736574e-02         4.7484489440461617e-05         1.2951435641483720e-05        -4.8289977121465382e-05         2.0189995052065045e-02         3.7972948753921147e-02
18                                    -6.1510263232085256e-02         2.2305081790051640e-02         6.8944201051735501e-02         7.1084433851197073e-05        -3.8103014199708898e-05        -1.0206431555754420e-05         3.2156161409510345e-02         1.5037061233961806e-02
19                                     7.5410106161760060e-03         1.0067741324992213e-01         3.0297021909334015e-03         9.1561291011994192e-05        -3.3193389113910640e-05        -7.8638570597809685e-05        -2.5325024424450930e-03         1.1285186964897413e-03
20                                    -1.3763902171834829e-02        -1.2073234576184634e-01         1.6064582017759695e-03        -1.0281051151383877e-04         4.3588272720499351e-05         8.3512567045482166e-05         5.5754830444972791e-03        -2.0191123485822817e-04
21                                     6.1626717356005126e-02        -3.6596199816017499e-02        -1.3609347915324821e-01        -1.6594790182891821e-04         7.9537994331173206e-05         9.9382610631482219e-05        -1.9846922609316621e-02         1.2176708845606093e-02
22                                     3.9867369364867046e-02        -5.3160496850042184e-02        -2.0970847936765607e-02        -8.5841474993646500e-05         7.7517670428549004e-05        -1.1378710206343200e-05         3.3547350747720951e-02        -2.2077254079379879e-02
23                                    -4.4147868583909580e-02         6.2174545509244672e-02         1.5532541310669040e-02         1.3500915188678018e-04        -4.5908108120615252e-05        -1.0459194051043246e-04        -4.2624417217435553e-02         2.7974980154394966e-02
24                                     5.8563145885806585e-02        -3.8316508157006837e-02         1.0842662763295496e-01        -2.8022797766599501e-04         7.3240849165163272e-05         4.7806502304198050e-04        -1.6673950745503926e-02         1.4957480771228753e-02
25                                    -4.9571330594310306e-02         5.4357092518371362e-02        -1.8580119308967066e-02        -1.6844325936609441e-04         1.3651652524125491e-04         2.4758614046716280e-04        -1.5318224411240158e-02         1.3663567598254116e-02
26                                     6.5148463226563966e-02        -6.9574767709362467e-02         3.0677744668617481e-02         1.8254598908548978e-04        -1.4168490199629086e-04        -3.5905922057126314e-04         1.7916528451602069e-02        -1.5957901789854099e-02
27                                    -1.1967085248473593e-03         7.0516124617339259e-03        -8.5062856708954266e-03        -3.8256737084582090e-02         5.2146560764510901e-02        -2.3337008075007683e-02        -1.3310554015175477e-04        -1.3457784388935559e-04
28                                    -3.4336089421182409e-02        -2.4971204456135329e-03        -1.2475042843953949e-02         2.3599478149893835e-01        -2.5284581421865021e-01         1.6640545630407816e-01        -3.8259628800061540e-04         3.7972106691831314e-04
29                                     1.3610855945503783e-02         2.5958556149591363e-03         3.8440003634478441e-03         5.2639893450328357e-01        -5.6973097068350542e-01         4.0612111126223294e-01        -2.6635177581354314e-04         1.0488135841534919e-03
30                                     7.4520297987122727e-04        -1.6563941141758370e-03        -1.0146659371862066e-02         1.7201933069518394e-01        -4.0922591186239130e-02        -2.6955084916192179e-01        -1.6216630492326511e-03         1.4075887814800798e-03
31                                     1.3375014450932939e-05        -2.4199685409942570e-03        -3.1359320053418716e-03        -4.7762056636216660e-01         1.3417164882295607e-01         7.5383901215141935e-01         3.0412022954687738e-03        -3.3231631572409777e-03
32                                     3.8742880669344358e-02         6.4107719405859433e-03         9.5146354114104062e-03        -5.6431675322494799e-03         1.0083186839955589e-02        -5.2759518041037620e-03         2.2729115588464587e-06         1.7957894596268555e-04
33                                     1.0768471456793186e-03         1.3813476630768019e-02        -1.3139022837609776e-03        -5.3713908835571678e-01        -6.1032009134121779e-01        -2.0572459124270581e-01        -4.6454222321493815e-05         3.2167675791989483e-04
34                                     9.6034651904642228e-03         1.1318361764440565e-02        -3.2668550308947186e-03         3.2180785698316408e-02         4.0175226368355105e-02         3.1750340121236044e-03         4.0489800067095488e-04        -3.4940652206765172e-04
35                                    -1.9721816406732999e-03        -1.7610742353720937e-02         3.7738628753309603e-03        -3.0037486134527352e-01        -3.3021574365484879e-01        -1.2027243292019191e-01        -4.3127143534144616e-04         5.1426241969668510e-04
36                                    -3.2740693931025838e-01        -1.0745634938144001e-01        -1.1104838623886658e-01        -1.8217128994327977e-04         2.5312351333223757e-04         1.1836866263859149e-05         3.4539846818681427e-02         5.9532309412938411e-02
37                                    -7.2728259829869038e-02         6.8869573736677235e-03        -6.3866638937317630e-02        -2.4057125371901468e-04        -5.4912298164336048e-05         1.5619730161830938e-04        -5.8071518044957214e-02        -9.9064117750848363e-02
38                                     6.0991448121574164e-02        -1.7302505161706078e-02         6.7832933912089693e-02         2.8719701927245608e-04         5.3143338564979311e-05        -2.2674285370861901e-04         7.3172942807243915e-02         1.2501349448527416e-01
39                                    -2.6006050274193787e-01        -1.1120494824189006e-01         1.0318633831827552e-01        -1.8762705426077615e-04         2.3846396717720913e-04         2.9851967258033769e-05         2.5916691127082048e-01         4.7559441987733925e-01
40                                     8.6999311329179069e-02        -3.5641201590852489e-03        -8.1617876355625008e-02        -2.5516170766810977e-04         2.5369614401140277e-04         1.4020654838251104e-04         2.1365272097290672e-01         3.9231802268445815e-01
41                                    -1.2547985471911227e-01        -4.6635629102376461e-03         1.0663717747018658e-01         3.2384666065170026e-04        -3.7206089701671694e-04        -1.0936789790941053e-04        -2.3835013086617679e-01        -4.3772181816450051e-01
42                                    -7.8754796968968588e-02        -3.6815024415440288e-02         7.4725772709189675e-02         3.9555572147645347e-04        -2.8627596643627438e-04        -2.3524687345323540e-04        -3.9180374754731689e-01        -1.7242156861852950e-01
43                                    -1.5822849202969857e-03        -1.2756643075347279e-01        -1.6274400059734143e-02        -1.8838355505349603e-04        -1.7882308368671444e-05         3.7299691390139467e-04         2.6649011569909661e-02         9.3467437802258763e-03
44                                    -4.2800587900583666e-03         1.5228548720605017e-01         2.5010548391014738e-02         1.2505233334393604e-04        -2.0017894157741073e-04         1.4103734213628976e-04        -6.2733853473043777e-02        -2.4819804982158168e-02
45                                    -2.9662500588217189e-01         8.8769804488919052e-02         1.5037503305386815e-01         1.2686957222800150e-04        -1.2508132403474863e-05        -1.6068944986111317e-04         2.3327086134173083e-01        -1.4855742050831763e-01
46                                    -5.1593305727212338e-02        -2.6322953724303547e-02         5.7633317228488024e-02         3.4423784267186498e-05        -1.1528541941897074e-04         2.4486039041181199e-04        -3.9203367485578072e-01         2.5098667818026382e-01
47                                     4.1255433474262408e-02         3.8399414487522245e-02        -6.0001484263076887e-02        -2.1213672509455840e-05         1.2662032960052144e-04        -2.6411111726832123e-04         4.9815063624014078e-01        -3.1887226046182648e-01
48                                    -2.9633641116299719e-01         1.3195359945435181e-01        -6.1134119081098108e-02         4.2545079338930647e-03        -2.9647236273057662e-03        -4.9872438306601532e-03         2.1470861749485570e-01        -1.8889124404809604e-01
49                                     1.1086865600988886e-01        -2.1231233931595844e-02         6.5367676504614516e-02         2.2943319874789841e-03        -1.9546679206502277e-03        -2.6594221143999117e-03         1.7775204392365065e-01        -1.5619350599124476e-01
50                                    -1.5934017133799411e-01         3.7513596774726585e-02        -8.4350274559897909e-02        -3.5178169248079078e-03         1.7760482003948263e-03         4.9858745864594491e-03        -2.0599898892812527e-01         1.8100993140665850e-01
                                                        48                          49                          50

0                                      5.5298442331931098e-05        -1.1680038335976442e-05         9.8377311139173667e-05
1                                     -5.8695349855552486e-04         1.9233158490433334e-04        -5.8442143395733134e-05
2                                      1.6498251123756965e-04        -8.2241668414983682e-05         3.6128549731006746e-05
3                                     -3.3196282632263092e-05         3.6601201772208761e-05        -4.2844879213115851e-05
4                                     -8.4661750124429878e-05         7.9954306847359818e-05         1.3797414287295464e-04
5                                      1.2404818508998051e-04        -1.0008205189668585e-04        -1.6227947886566287e-04
6                                      7.1671355054524707e-05        -1.1641287066205547e-04        -1.9988937178120670e-04
7                                      3.0732629282986952e-06        -3.3933922091185710e-05        -1.9514020318216182e-05
8                                     -2.1491758908876335e-05         3.7299763337268750e-05         5.0139617905939051e-06
9                                     -1.3740104365990477e-03         2.4968162312537158e-04        -1.7339442215629261e-03
10                                     1.5180675636772645e-03        -9.9906046017112470e-04        -1.4890925385801423e-03
11                                    -1.9814848980000510e-03         1.2403404673751936e-03         1.6677966427943054e-03
12                                    -1.6360294173689558e-03        -6.5264946260761214e-03        -2.9937877058023608e-02
13                                     4.8891802333172075e-03         1.2029136592634491e-02         4.5632783036599976e-02
14                                    -6.0695567885061478e-03        -1.5117371382721281e-02        -5.7759948929831627e-02
15                                    -1.0455601654347571e-02        -1.0928297585035414e-02         1.8184845925069863e-02
16                                    -1.0009765917655287e-02        -1.2433362941650004e-02         1.2317350036533465e-02
17                                     1.1305589721590747e-02         1.4194494440539695e-02        -1.3495566934243667e-02
18                                    -3.2585277263577496e-02        -6.5631701801734763e-02         1.4534647853175202e-02
19                                     3.5770120128020620e-03         3.7919785514587789e-03        -1.7823417610590548e-03
20                                    -6.8707807489934531e-03        -9.6838137175172777e-03         3.2890311336157396e-03
21                                     1.3115951247986233e-02        -1.1421321162762911e-02         1.7868930185576007e-03
22                                    -1.5580103759115933e-02         2.2299014579683744e-02        -3.8823130510735465e-03
23                                     2.0052305951721399e-02        -2.8162552331653986e-02         4.8860959727596940e-03
24                                    -4.3497962347263566e-02         1.7630254811886042e-02        -1.0200832128141255e-03
25                                    -3.4910465601160241e-02         1.2636573452958808e-02        -7.7901166702216268e-04
26                                     4.0410043864384772e-02        -1.4497898824210351e-02         9.0283455199999165e-04
27                                     1.0560177386324467e-04         2.1735395225837976e-06         1.9239693005761531e-05
28                                    -8.3879009196153763e-04         2.7560910632933814e-04         4.0237426633689044e-05
29                                    -2.0674894497718140e-03         8.1287303585511020e-04        -3.2046998840536145e-05
30                                    -3.4904322587715987e-03         1.2353518734032625e-03        -2.3964050856736669e-04
31                                     7.4396167117070418e-03        -2.3864242433749576e-03         2.5019374059667373e-04
32                                    -3.9413708464757549e-04         2.1675924170335334e-04        -1.9321860507202977e-06
33                                    -3.5220503910701127e-04         2.3771229124118262e-04         5.2889725151913610e-04
34                                     8.1024188860437374e-04        -2.5867036645635199e-04         2.2737981838563082e-04
35                                    -1.0702515489636234e-03         4.3286226051888983e-04        -1.8866999360849583e-04
36                                     3.1998669749538348e-02         8.4747265583983725e-02         3.2227748177066856e-01
37                                    -5.4826021655407120e-02        -1.3864209521156673e-01        -5.1920462011673529e-01
38                                     6.8958425802675277e-02         1.7504427925958496e-01         6.5564431868592932e-01
39                                     1.2628561313930486e-01         1.4300785684378028e-01        -1.6999431118589550e-01
40                                     1.0554966739429658e-01         1.2169362782137097e-01        -1.3866589209705055e-01
41                                    -1.1788224879468411e-01        -1.3613071710735083e-01         1.5457212824041897e-01
42                                     3.7756535624562437e-01         7.2876789724716695e-01        -1.5711300990416552e-01
43                                    -2.6835595350491265e-02        -4.8295573907926263e-02         1.1250460217598858e-02
44                                     6.2060491183423439e-02         1.1529584382909691e-01        -2.5863134758411288e-02
45                                    -1.1090770286445192e-01         1.3741003115285391e-01        -2.2629261477547256e-02
46                                     1.8052586196779238e-01        -2.3483695163938417e-01         3.9474198698220782e-02
47                                    -2.2971385719078774e-01         2.9826438233959529e-01        -5.0092461533730259e-02
48                                     4.8880435907885267e-01        -1.8151265809278580e-01         8.8929456749058979e-03
49                                     3.9974601863379167e-01        -1.4658964586531728e-01         7.2550488555035942e-03
50                                    -4.6282094841344140e-01         1.6956926013960077e-01        -8.3723088019521767e-03
$End
$Geometry
   &GeometryIndex 2
   &NAtoms [&Type "Integer"] 17
   &NCorelessECP [&Type "Integer"] 0
   &NGhostAtoms [&Type "Integer"] 0
   &CartesianCoordinates [&Type "Coordinates", &Dim(17,4), &Units "Bohr"] 
              C      5.457278203447    1.102579253908   -0.840630632838
              S      3.394560723045   -0.797029546457    1.105483696136
              O      4.408651077854   -2.527458485346    3.200538823699
              C      0.177486768085   -0.489489034355    0.467766167987
              C     -1.490739702649   -1.864645929814    2.017782942602
              C     -4.082922049732   -1.674203779013    1.588008044950
              C     -5.034151432041   -0.142316222657   -0.349874806785
              C     -3.350854334168    1.207927235913   -1.877479788173
              C     -0.743915732588    1.049586394084   -1.497298267049
              H      5.646150587640    0.338653405298   -2.762120412086
              H      4.802897563248    3.071660509860   -0.876798174163
              H      7.271039725430    0.987604964268    0.152746803913
              H     -0.728876756350   -3.049746473310    3.524405048780
              H     -5.378433294435   -2.742600928961    2.792369153663
              H     -7.068816115153   -0.005806882009   -0.669700675541
              H     -4.067011416211    2.405170791030   -3.401969315148
              H      0.538818955887    2.103177849939   -2.723284297826
$End
$SCF_Energy
   &GeometryIndex 2
   &Method [&Type "String"] "SCF"
   &totalEnergy [&Type "ArrayOfDoubles", &Dim (1,1)] "Total energy of each state"
                                                         0

0                                     -7.4421709243975704e+02
   &Mult [&Type "ArrayOfIntegers", &Dim (1,1)] "Multiplicity of each state"
                                                         0

0                                                        1
$End
$DFT_Energy
   &GeometryIndex 2
   &nAlphaEl [&Type "Integer"] 37
   &nBetaEl [&Type "Integer"] 37
   &nTotalEl [&Type "Integer"] 74
   &finalEn [&Type "Double"]      -7.4421709243975704e+02  "No Van der Waals correction"
   &eExchange [&Type "Double"]      -5.7408663683703161e+01
   &eCorr [&Type "Double"]      -3.0659874088130845e+00
   &eXC [&Type "Double"]      -6.0474651092516247e+01
   &eCNL [&Type "Double"]       0.0000000000000000e+00
$End
$SCF_Timings
   &GeometryIndex 2
   &TOTAL [&Type "Double"]       3.6957999999999998e+01
   &PREP [&Type "Double"]       1.5100000000000000e-01
   &FOCK [&Type "Double"]       3.4108000000000004e+01
   &DENS [&Type "Double"]       2.2999999999999687e-01
   &ETOT [&Type "Double"]       1.1400000000000077e-01
   &TRAFO [&Type "Double"]       3.1000000000000583e-02
   &DIIS [&Type "Double"]       1.6800000000000015e-01
   &SOSCF [&Type "Double"]       2.5400000000000666e-01
   &XC [&Type "Double"]       6.1089999999999973e+00
   &FOCKSTART [&Type "Double"]       8.0000000000028937e-03
   &INT_BF [&Type "Double"]       2.2619999999999538e+00
   &INT_DENS [&Type "Double"]       1.1609999999999534e+00
   &INT_DENSIO [&Type "Double"]       2.4287137900000031e+05
   &INT_FUNC [&Type "Double"]       3.2600000000001605e-01
   &INT_POT [&Type "Double"]       1.9470000000000298e+00
   &INT_POTIO [&Type "Double"]       1.1500000000001442e-01
   &SPLITRIJ [&Type "Double"]       2.6749999999999980e+00
   &COSX [&Type "Double"]       2.7027999999999995e+01
$End
$Single_Point_Data
   &GeometryIndex 2
   &FinalEnergy [&Type "Double"]      -7.4421709243975704e+02  "Final single point energy"
   &Converged [&Type "Boolean"] true
$End
$SCF_Nuc_Gradient
   &GeometryIndex 2
   &NAtoms [&Type "Integer"] 17
   &gradNorm [&Type "Double"]       2.9053014300254535e-03
   &grad [&Type "ArrayOfDoubles", &Dim (51,1)] 
                                                         0

0                                      1.4438921116785020e-03
1                                      6.4663944736867776e-04
2                                     -3.3555148925127481e-04
3                                     -2.4927309290739830e-05
4                                     -2.2023305069202026e-05
5                                      2.7923132394927497e-05
6                                     -2.8301934390795314e-06
7                                     -2.9780906951326624e-06
8                                      4.4344629046566553e-07
9                                      3.4248035961914614e-06
10                                    -7.8405954463373713e-06
11                                     2.6654937650607419e-06
12                                    -1.0089611559866568e-06
13                                    -7.2643277221270952e-06
14                                    -7.0418224274310104e-06
15                                    -2.1053708776364033e-08
16                                     2.5348949480447081e-06
17                                     1.2507973714132037e-06
18                                    -1.2185114272936226e-06
19                                     7.2501776029348410e-06
20                                     6.4364973732401048e-06
21                                     1.9306905907554017e-06
22                                     3.5691810775576038e-06
23                                     1.6483681270010320e-06
24                                     3.2850033919451516e-06
25                                     1.8533816811470288e-05
26                                     1.4231299508449258e-05
27                                    -9.1768747123677913e-05
28                                     2.6939057564161206e-04
29                                     1.0870160384953143e-03
30                                     2.9254818750226730e-04
31                                    -1.0374121666150149e-03
32                                     6.3155158006859185e-05
33                                    -1.6273559173430319e-03
34                                     1.3466532672389703e-04
35                                    -8.5271099808936768e-04
36                                     1.2932928779435526e-06
37                                    -1.0370979918794543e-05
38                                    -8.8180707372986777e-06
39                                    -1.0120310087180506e-07
40                                    -1.0425017751974908e-05
41                                    -9.0687535146127818e-06
42                                    -7.4033293784303567e-07
43                                     2.7009647150730287e-06
44                                     2.1556787424270585e-06
45                                    -5.4961292542121676e-07
46                                     6.6252584300235950e-06
47                                     4.5550218478185300e-06
48                                     4.1477993052568829e-06
49                                     6.4047789034571423e-06
50                                     1.7102831588455825e-06
   &Method [&Type "String"] "SCF"
   &Level [&Type "String"] "Relaxed density"
   &Mult [&Type "Integer"] 1
   &State [&Type "Integer"] 0
   &Irrep [&Type "Integer"] 0
$End
$Geometry
   &GeometryIndex 3
   &NAtoms [&Type "Integer"] 17
   &NCorelessECP [&Type "Integer"] 0
   &NGhostAtoms [&Type "Integer"] 0
   &CartesianCoordinates [&Type "Coordinates", &Dim(17,4), &Units "Bohr"] 
              C      5.456351113560    1.104296644103   -0.837763590514
              S      3.394357832902   -0.799061178327    1.103528029102
              O      4.408696729096   -2.533954091548    3.194707667544
              C      0.177197342743   -0.490814368041    0.466499637995
              C     -1.491031070276   -1.863605933306    2.018606814840
              C     -4.083283570553   -1.672418277514    1.589640784338
              C     -5.034526757447   -0.142088506863   -0.349476711076
              C     -3.351222701358    1.205822983372   -1.879114092496
              C     -0.744186522039    1.046472441361   -1.499937464438
              H      5.645083538494    0.346671405431   -2.765565131660
              H      4.803779716263    3.077637738359   -0.869327962540
              H      7.275972265551    0.984905020957    0.156505413778
              H     -0.729141277417   -3.047263038436    3.526348583693
              H     -5.378850296735   -2.738534429176    2.795957426531
              H     -7.069259082807   -0.004823573409   -0.668544988712
              H     -4.067431537919    2.401836764668   -3.404539955097
              H      0.538657049250    2.097983520749   -2.727580149163
$End
$SCF_Energy
   &GeometryIndex 3
   &Method [&Type "String"] "SCF"
   &totalEnergy [&Type "ArrayOfDoubles", &Dim (1,1)] "Total energy of each state"
                                                         0

0                                     -7.4421710723008584e+02
   &Mult [&Type "ArrayOfIntegers", &Dim (1,1)] "Multiplicity of each state"
                                                         0

0                                                        1
$End
$DFT_Energy
   &GeometryIndex 3
   &nAlphaEl [&Type "Integer"] 37
   &nBetaEl [&Type "Integer"] 37
   &nTotalEl [&Type "Integer"] 74
   &finalEn [&Type "Double"]      -7.4421710723008584e+02  "No Van der Waals correction"
   &eExchange [&Type "Double"]      -5.7407024198696867e+01
   &eCorr [&Type "Double"]      -3.0658963585149985e+00
   &eXC [&Type "Double"]      -6.0472920557211864e+01
   &eCNL [&Type "Double"]       0.0000000000000000e+00
$End
$SCF_Timings
   &GeometryIndex 3
   &TOTAL [&Type "Double"]       2.9758000000000003e+01
   &PREP [&Type "Double"]       1.5800000000000000e-01
   &FOCK [&Type "Double"]       2.6779999999999998e+01
   &DENS [&Type "Double"]       8.0999999999999517e-02
   &ETOT [&Type "Double"]       6.3000000000001499e-02
   &TRAFO [&Type "Double"]       1.7999999999997129e-02
   &DIIS [&Type "Double"]       3.4000000000000696e-02
   &SOSCF [&Type "Double"]       2.1799999999999908e-01
   &XC [&Type "Double"]       4.0339999999999989e+00
   &FOCKSTART [&Type "Double"]       6.0000000000013376e-03
   &INT_BF [&Type "Double"]       1.4019999999999415e+00
   &INT_DENS [&Type "Double"]       8.1000000000003247e-01
   &INT_DENSIO [&Type "Double"]       1.3008408199999992e+05
   &INT_FUNC [&Type "Double"]       1.8399999999999395e-01
   &INT_POT [&Type "Double"]       1.3860000000000223e+00
   &INT_POTIO [&Type "Double"]       8.2000000000001627e-02
   &SPLITRIJ [&Type "Double"]       1.7449999999999983e+00
   &COSX [&Type "Double"]       2.3301999999999992e+01
$End
$Single_Point_Data
   &GeometryIndex 3
   &FinalEnergy [&Type "Double"]      -7.4421710723008584e+02  "Final single point energy"
   &Converged [&Type "Boolean"] true
$End
$SCF_Nuc_Gradient
   &GeometryIndex 3
   &NAtoms [&Type "Integer"] 17
   &gradNorm [&Type "Double"]       2.5988389156579415e-04
   &grad [&Type "ArrayOfDoubles", &Dim (51,1)] 
                                                         0

0                                     -1.2224532828349760e-04
1                                      7.4950263536689710e-07
2                                     -3.9817103260047365e-05
3                                      1.4206237689037837e-05
4                                      3.6315076794163348e-06
5                                      4.1219980061180106e-07
6                                     -3.4736408929258999e-06
7                                     -9.1876685580638551e-06
8                                     -1.3938798021057019e-05
9                                     -1.8151170793623272e-06
10                                    -1.1450076996883567e-06
11                                    -3.3930359695909934e-06
12                                    -2.4562270388682472e-06
13                                    -5.3001111292270975e-06
14                                     1.3121263396816130e-06
15                                    -1.0677739817749332e-06
16                                    -1.2851347124115398e-06
17                                    -2.9505658905859544e-06
18                                     1.2071965401552753e-06
19                                     3.3503377085608230e-07
20                                     1.9412642132642099e-06
21                                    -1.3111336136031881e-06
22                                     4.4934909839700055e-06
23                                     4.0571890714755088e-06
24                                    -1.4521088467084331e-08
25                                     2.9985431410327335e-06
26                                    -4.5207921392023676e-06
27                                     2.9523177172037507e-06
28                                    -7.6309588584663746e-05
29                                    -2.7782816280436107e-05
30                                    -4.4947440516376891e-05
31                                     4.4155294728592809e-05
32                                    -3.8681159504030580e-05
33                                     1.5595163350498598e-04
34                                     2.6511460702243611e-05
35                                     1.1408540726803862e-04
36                                     9.6119894156532215e-07
37                                    -4.9699442634387747e-06
38                                    -5.0320569514872293e-06
39                                     8.4137056508004626e-07
40                                    -1.9882291723838375e-06
41                                    -1.5318557244625719e-06
42                                     4.6706132805773848e-07
43                                     4.0386260914161698e-06
44                                     2.8714809977778422e-06
45                                     8.4046619122646327e-08
46                                     7.7126282634065735e-06
47                                     6.9052853227391520e-06
48                                     6.6015426246346376e-07
49                                     5.5595335896191367e-06
50                                     6.0633041369939633e-06
   &Method [&Type "String"] "SCF"
   &Level [&Type "String"] "Relaxed density"
   &Mult [&Type "Integer"] 1
   &State [&Type "Integer"] 0
   &Irrep [&Type "Integer"] 0
$End
$Geometry
   &GeometryIndex 4
   &NAtoms [&Type "Integer"] 17
   &NCorelessECP [&Type "Integer"] 0
   &NGhostAtoms [&Type "Integer"] 0
   &CartesianCoordinates [&Type "Coordinates", &Dim(17,4), &Units "Bohr"] 
              C      5.456145327683    1.105178130240   -0.837116454386
              S      3.394332028460   -0.799199640056    1.103396907013
              O      4.408967870321   -2.535043376823    3.193678954298
              C      0.177197079293   -0.491227229019    0.466320439229
              C     -1.491121886156   -1.863208331585    2.019025618006
              C     -4.083370163373   -1.671836373567    1.590114410031
              C     -5.034496989041   -0.142175097962   -0.349594341735
              C     -3.351082893490    1.204865790527   -1.879882541603
              C     -0.744054371948    1.045376770955   -1.500698390418
              H      5.641978946742    0.351501327477   -2.766574785690
              H      4.806362224958    3.079348211444   -0.864098928055
              H      7.276200266200    0.981457705285    0.154524467041
              H     -0.729332555431   -3.046324730155    3.527245007585
              H     -5.379036857469   -2.737234565479    2.796959302197
              H     -7.069228711541   -0.004785813655   -0.668624582192
              H     -4.067204625050    2.400223230125   -3.405865658761
              H      0.538908081149    2.096147114626   -2.728865110437
$End
$SCF_Mulliken_Population_Analysis
   &GeometryIndex 4
   &NAtoms [&Type "Integer"] 17
   &ATNO [&Type "ArrayOfIntegers", &Dim (17,1)] 
                                                         0

0                                                        6
1                                                       16
2                                                        8
3                                                        6
4                                                        6
5                                                        6
6                                                        6
7                                                        6
8                                                        6
9                                                        1
10                                                       1
11                                                       1
12                                                       1
13                                                       1
14                                                       1
15                                                       1
16                                                       1
   &AtomicCharges [&Type "ArrayOfDoubles", &Dim (17,1)] 
                                                         0

0                                     -3.2566178510950117e-02
1                                      3.4143900520116155e-01
2                                     -5.2709011488167334e-01
3                                     -7.2466615880451002e-05
4                                     -5.1157103429311235e-03
5                                      2.3526276763318421e-02
6                                      1.7681769764455346e-02
7                                      2.1419902423461146e-02
8                                     -2.0096929288579091e-02
9                                      8.1189954808311482e-02
10                                     7.8532903510216800e-02
11                                     8.3226376430501459e-02
12                                     4.3305470316765682e-03
13                                    -8.0247140721094734e-03
14                                    -1.6442044760473618e-02
15                                    -1.3346426627684149e-02
16                                    -2.8592150832804197e-02
   &Method [&Type "String"] "SCF"
   &Level [&Type "String"] "Relaxed density"
   &Mult [&Type "Integer"] 1
   &State [&Type "Integer"] -1
   &Irrep [&Type "Integer"] 0
$End
$SCF_Loewdin_Population_Analysis
   &GeometryIndex 4
   &NAtoms [&Type "Integer"] 17
   &ATNO [&Type "ArrayOfIntegers", &Dim (17,1)] 
                                                         0

0                                                        6
1                                                       16
2                                                        8
3                                                        6
4                                                        6
5                                                        6
6                                                        6
7                                                        6
8                                                        6
9                                                        1
10                                                       1
11                                                       1
12                                                       1
13                                                       1
14                                                       1
15                                                       1
16                                                       1
   &AtomicCharges [&Type "ArrayOfDoubles", &Dim (17,1)] 
                                                         0

0                                     -1.4017542629049728e-01
1                                      8.0441024939714012e-01
2                                     -5.8699684197662982e-01
3                                     -1.6123326943906413e-01
4                                     -4.8943646294136833e-02
5                                     -9.2639007798309692e-03
6                                     -4.7323309833734228e-02
7                                     -1.3325461650570247e-02
8                                     -6.9889754257282277e-02
9                                      3.4946076228461354e-02
10                                     3.8974263185725833e-02
11                                     5.3220118004261741e-02
12                                     3.4782296341934860e-02
13                                     3.1468827523058795e-02
14                                     2.7014809978894494e-02
15                                     2.9613576781933992e-02
16                                     2.2721393080367580e-02
   &Method [&Type "String"] "SCF"
   &Level [&Type "String"] "Relaxed density"
   &Mult [&Type "Integer"] 1
   &State [&Type "Integer"] -1
   &Irrep [&Type "Integer"] 0
$End
$SCF_Mayer_Population_Analysis
   &GeometryIndex 4
   &NAtoms [&Type "Integer"] 17 "Total number of atoms"
   &NBondOrdersPrint [&Type "Integer"] 17 "The number of bond orders larger than threshold"
   &bondThresh [&Type "Double"]       1.0000000000000001e-01  "The threshold for printing"
   &components [&Type "ArrayOfIntegers", &Dim (17,4)] "The indices and atomic numbers of the bonding atoms"
                                                         0                           1                           2                           3

0                                                        0                           6                           1                          16
1                                                        0                           6                           9                           1
2                                                        0                           6                          10                           1
3                                                        0                           6                          11                           1
4                                                        1                          16                           2                           8
5                                                        1                          16                           3                           6
6                                                        3                           6                           4                           6
7                                                        3                           6                           8                           6
8                                                        4                           6                           5                           6
9                                                        4                           6                          12                           1
10                                                       5                           6                           6                           6
11                                                       5                           6                          13                           1
12                                                       6                           6                           7                           6
13                                                       6                           6                          14                           1
14                                                       7                           6                           8                           6
15                                                       7                           6                          15                           1
16                                                       8                           6                          16                           1
   &BondOrders [&Type "ArrayOfDoubles", &Dim (17,1)] "The bond orders"
                                                         0

0                                      8.9747171427375738e-01
1                                      9.5552100703051734e-01
2                                      9.5053960871862464e-01
3                                      9.5277445876258349e-01
4                                      1.4399797658855542e+00
5                                      9.0720351997900039e-01
6                                      1.3310714364679583e+00
7                                      1.3169804240449152e+00
8                                      1.4105380090669160e+00
9                                      9.8503369582917755e-01
10                                     1.3663310762239005e+00
11                                     9.8232851697525758e-01
12                                     1.3809257618045989e+00
13                                     9.8605597357807706e-01
14                                     1.4192416195704065e+00
15                                     9.7746016080132603e-01
16                                     9.7804056020412899e-01
   &ATNO [&Type "ArrayOfIntegers", &Dim (17,1)] "Atomic number of the elements"
                                                         0

0                                                        6
1                                                       16
2                                                        8
3                                                        6
4                                                        6
5                                                        6
6                                                        6
7                                                        6
8                                                        6
9                                                        1
10                                                       1
11                                                       1
12                                                       1
13                                                       1
14                                                       1
15                                                       1
16                                                       1
   &NA [&Type "ArrayOfDoubles", &Dim (17,1)] "Mulliken gross atomic population"
                                                         0

0                                      6.0325661785109403e+00
1                                      1.5658560994798854e+01
2                                      8.5270901148816787e+00
3                                      6.0000724666158840e+00
4                                      6.0051157103429356e+00
5                                      5.9764737232366905e+00
6                                      5.9823182302355526e+00
7                                      5.9785800975765477e+00
8                                      6.0200969292886031e+00
9                                      9.1881004519168763e-01
10                                     9.2146709648978231e-01
11                                     9.1677362356949721e-01
12                                     9.9566945296832277e-01
13                                     1.0080247140721079e+00
14                                     1.0164420447604734e+00
15                                     1.0133464266276859e+00
16                                     1.0285921508328040e+00
   &ZA [&Type "ArrayOfDoubles", &Dim (17,1)] "Total nuclear charge"
                                                         0

0                                      6.0000000000000000e+00
1                                      1.6000000000000000e+01
2                                      8.0000000000000000e+00
3                                      6.0000000000000000e+00
4                                      6.0000000000000000e+00
5                                      6.0000000000000000e+00
6                                      6.0000000000000000e+00
7                                      6.0000000000000000e+00
8                                      6.0000000000000000e+00
9                                      1.0000000000000000e+00
10                                     1.0000000000000000e+00
11                                     1.0000000000000000e+00
12                                     1.0000000000000000e+00
13                                     1.0000000000000000e+00
14                                     1.0000000000000000e+00
15                                     1.0000000000000000e+00
16                                     1.0000000000000000e+00
   &QA [&Type "ArrayOfDoubles", &Dim (17,1)] "Mulliken gross atomic charge"
                                                         0

0                                     -3.2566178510940347e-02
1                                      3.4143900520114556e-01
2                                     -5.2709011488167867e-01
3                                     -7.2466615884003716e-05
4                                     -5.1157103429355644e-03
5                                      2.3526276763309539e-02
6                                      1.7681769764447353e-02
7                                      2.1419902423452264e-02
8                                     -2.0096929288603071e-02
9                                      8.1189954808312370e-02
10                                     7.8532903510217689e-02
11                                     8.3226376430502791e-02
12                                     4.3305470316772343e-03
13                                    -8.0247140721079191e-03
14                                    -1.6442044760473395e-02
15                                    -1.3346426627685926e-02
16                                    -2.8592150832803975e-02
   &VA [&Type "ArrayOfDoubles", &Dim (17,1)] "Mayer's total valence"
                                                         0

0                                      3.8891857895730584e+00
1                                      3.4185202141101954e+00
2                                      1.7307298824383952e+00
3                                      3.7762526592723393e+00
4                                      3.8898727001697195e+00
5                                      3.8701313311614043e+00
6                                      3.8218483850103442e+00
7                                      3.8991289550492554e+00
8                                      3.8770941685097204e+00
9                                      9.7432389942959308e-01
10                                     9.8349033305826217e-01
11                                     1.0080539069999066e+00
12                                     1.0115418816004540e+00
13                                     9.7898612496229720e-01
14                                     9.7887355568432144e-01
15                                     9.7818425990588276e-01
16                                     9.9220828723572896e-01
   &BVA [&Type "ArrayOfDoubles", &Dim (17,1)] "Mayer's bonded valence"
                                                         0

0                                      3.8891857895730682e+00
1                                      3.4185202141102442e+00
2                                      1.7307298824384216e+00
3                                      3.7762526592723513e+00
4                                      3.8898727001696729e+00
5                                      3.8701313311613723e+00
6                                      3.8218483850102918e+00
7                                      3.8991289550491977e+00
8                                      3.8770941685096685e+00
9                                      9.7432389942959707e-01
10                                     9.8349033305827027e-01
11                                     1.0080539069999144e+00
12                                     1.0115418816004431e+00
13                                     9.7898612496229886e-01
14                                     9.7887355568430867e-01
15                                     9.7818425990586400e-01
16                                     9.9220828723572030e-01
   &FA [&Type "ArrayOfDoubles", &Dim (17,1)] "Mayer's free valence"
                                                         0

0                                      0.0000000000000000e+00
1                                      0.0000000000000000e+00
2                                      0.0000000000000000e+00
3                                      0.0000000000000000e+00
4                                      0.0000000000000000e+00
5                                      0.0000000000000000e+00
6                                      0.0000000000000000e+00
7                                      0.0000000000000000e+00
8                                      0.0000000000000000e+00
9                                      0.0000000000000000e+00
10                                     0.0000000000000000e+00
11                                     0.0000000000000000e+00
12                                     0.0000000000000000e+00
13                                     0.0000000000000000e+00
14                                     0.0000000000000000e+00
15                                     0.0000000000000000e+00
16                                     0.0000000000000000e+00
   &Method [&Type "String"] "SCF"
   &Level [&Type "String"] "Relaxed density"
   &Mult [&Type "Integer"] 1
   &State [&Type "Integer"] -1
   &Irrep [&Type "Integer"] 0
$End
$SCF_Energy
   &GeometryIndex 4
   &Method [&Type "String"] "SCF"
   &totalEnergy [&Type "ArrayOfDoubles", &Dim (1,1)] "Total energy of each state"
                                                         0

0                                     -7.4421710218523606e+02
   &Mult [&Type "ArrayOfIntegers", &Dim (1,1)] "Multiplicity of each state"
                                                         0

0                                                        1
$End
$DFT_Energy
   &GeometryIndex 4
   &nAlphaEl [&Type "Integer"] 37
   &nBetaEl [&Type "Integer"] 37
   &nTotalEl [&Type "Integer"] 74
   &finalEn [&Type "Double"]      -7.4421710218523606e+02  "No Van der Waals correction"
   &eExchange [&Type "Double"]      -5.7407138917560538e+01
   &eCorr [&Type "Double"]      -3.0659019320609975e+00
   &eXC [&Type "Double"]      -6.0473040849621533e+01
   &eCNL [&Type "Double"]       0.0000000000000000e+00
$End
$SCF_Timings
   &GeometryIndex 4
   &TOTAL [&Type "Double"]       2.7594999999999999e+01
   &PREP [&Type "Double"]       1.5400000000000000e-01
   &FOCK [&Type "Double"]       2.5212000000000003e+01
   &DENS [&Type "Double"]       7.0999999999997954e-02
   &ETOT [&Type "Double"]       6.8000000000000504e-02
   &POP [&Type "Double"]       1.5900000000000247e-01
   &TRAFO [&Type "Double"]       2.1000000000000796e-02
   &DIIS [&Type "Double"]       3.1000000000000583e-02
   &SOSCF [&Type "Double"]       2.1199999999999619e-01
   &XC [&Type "Double"]       3.9490000000000007e+00
   &FOCKSTART [&Type "Double"]       3.9999999999974500e-03
   &INT_BF [&Type "Double"]       1.5200000000000684e+00
   &INT_DENS [&Type "Double"]       7.5499999999995993e-01
   &INT_DENSIO [&Type "Double"]       1.2099750899999980e+05
   &INT_FUNC [&Type "Double"]       1.6100000000001202e-01
   &INT_POT [&Type "Double"]       1.2349999999999768e+00
   &INT_POTIO [&Type "Double"]       8.5999999999984311e-02
   &SPLITRIJ [&Type "Double"]       1.6590000000000007e+00
   &COSX [&Type "Double"]       2.1331999999999997e+01
$End
$Single_Point_Data
   &GeometryIndex 4
   &FinalEnergy [&Type "Double"]      -7.4421710218523606e+02  "Final single point energy"
   &Converged [&Type "Boolean"] true
$End
$SCF_Dipole_Moment
   &GeometryIndex 4
   &dipoleMagnitude [&Type "Double", &Units "a.u."]       1.6174652650080412e+00
   &dipoleElecContrib [&Type "ArrayOfDoubles", &Dim (3,1)] "Electronic contribution"
                                                         0

0                                      1.4132113004592215e+00
1                                     -2.5283069541026366e+00
2                                      2.9151061433319954e+00
   &dipoleNucContrib [&Type "ArrayOfDoubles", &Dim (3,1)] "Nuclear contribution"
                                                         0

0                                     -1.5317341020922592e+00
1                                      3.5999849107217385e+00
2                                     -4.1207813011988623e+00
   &dipoleTotal [&Type "ArrayOfDoubles", &Dim (3,1)] "Total"
                                                         0

0                                     -1.1852280163303774e-01
1                                      1.0716779566191019e+00
2                                     -1.2056751578668670e+00
   &doAtomicDipole [&Type "Boolean"] false
   &Method [&Type "String"] "SCF"
   &Level [&Type "String"] "Relaxed density"
   &Mult [&Type "Integer"] 1
   &State [&Type "Integer"] -1
   &Irrep [&Type "Integer"] 0
$End
$THERMOCHEMISTRY_Energies
   &GeometryIndex 4
   &temperature [&Type "Double"]       2.9814999999999998e+02
   &pressure [&Type "Double"]       1.0000000000000000e+00
   &totalMass [&Type "Double"]       1.4019999999999999e+02
   &spinDegeneracy [&Type "Integer"] 1
   &elEnergy [&Type "Double"]      -7.4421710209184960e+02
   &transEnergy [&Type "Double"]       1.4162714244859817e-03
   &rotEnergy [&Type "Double"]       1.4162714244859817e-03
   &vibEnergy [&Type "Double"]       5.7630948204298602e-03
   &numOfFreqs [&Type "Integer"] 51
   &freqScalingFactor [&Type "Double"]       1.0000000000000000e+00
   &FREQ [&Type "ArrayOfDoubles", &Units "cm^-1", &Dim (51,1)] 
                                                         0

0                                      0.0000000000000000e+00
1                                      0.0000000000000000e+00
2                                      0.0000000000000000e+00
3                                      0.0000000000000000e+00
4                                      0.0000000000000000e+00
5                                      0.0000000000000000e+00
6                                     -5.2877857354772004e+02
7                                      1.9977585688685199e+01
8                                      8.6477574228837227e+01
9                                      1.4149114057345619e+02
10                                     1.5977368458620319e+02
11                                     2.4471463802504778e+02
12                                     3.5640262904744793e+02
13                                     4.0198608050851664e+02
14                                     4.2063698672333629e+02
15                                     4.5374558813634667e+02
16                                     6.2300340655224738e+02
17                                     6.5947960992005517e+02
18                                     7.0850546726650850e+02
19                                     7.3576933894378794e+02
20                                     7.5428330643865274e+02
21                                     8.4399947988615747e+02
22                                     8.9616351116416968e+02
23                                     9.2190198255399753e+02
24                                     9.3836675632020740e+02
25                                     9.9705838647737619e+02
26                                     1.0003636988056456e+03
27                                     1.0222859589003680e+03
28                                     1.0339290598840332e+03
29                                     1.0431387871392342e+03
30                                     1.0973896729862906e+03
31                                     1.1251740428684116e+03
32                                     1.1646192271601265e+03
33                                     1.1878377142624531e+03
34                                     1.3044276166015873e+03
35                                     1.3222294266131032e+03
36                                     1.3601164336189181e+03
37                                     1.4207445088033724e+03
38                                     1.4454569945095777e+03
39                                     1.4737768413332751e+03
40                                     1.4991627838237835e+03
41                                     1.6172057001117873e+03
42                                     1.6392327211087647e+03
43                                     3.0330078561462792e+03
44                                     3.1365413090435763e+03
45                                     3.1665234086828864e+03
46                                     3.1760433605496473e+03
47                                     3.1836249725042335e+03
48                                     3.1940839718127500e+03
49                                     3.1968319983862552e+03
50                                     3.2098273887603982e+03
   &zpe [&Type "Double"]       1.3080626295734327e-01
   &innerEnergyU [&Type "Double"]      -7.4407770019122302e+02
   &enthalpyH [&Type "Double"]      -7.4407675598218077e+02
   &qEl [&Type "Double"]       0.0000000000000000e+00
   &qRot [&Type "Double"]       1.3971699212526422e-02
   &qVib [&Type "Double"]       1.0198148581624471e-02
   &qTrans [&Type "Double"]       1.9349799934510730e-02
   &entropyS [&Type "Double"]       4.3519647728661626e-02
   &freeEnergyG [&Type "Double"]      -7.4412027562990943e+02
   &isLinear [&Type "Boolean"] false
$End
$Hessian
   &GeometryIndex 4
   &HESSIAN [&Type "ArrayOfDoubles", &Dim (51,51)] "The Hessian"
                                                         0                           1                           2                           3                           4                           5                           6                           7

0                                      4.5418303190999998e-01        -9.3695324583999998e-02         8.5655318898999994e-02        -8.2521963042000004e-02        -2.4283534958000001e-02         1.6021094967999999e-02         8.2265922052000007e-03         7.3263854211999997e-03
1                                     -9.3695324583999998e-02         4.7352517446999998e-01         4.5614920283000002e-02        -2.7574622643000000e-02        -2.6906001696000000e-02         8.5617745800999998e-02        -4.8336006388000003e-03        -1.6715150937000000e-02
2                                      8.5655318898999994e-02         4.5614920283000002e-02         4.9842673532999998e-01         2.5152899247999998e-02         8.5175015808000007e-02        -5.1883693999000002e-02         7.4361519693999997e-03        -1.2665181131000000e-02
3                                     -8.2521963042000004e-02        -2.7574622643000000e-02         2.5152899247999998e-02         4.3213297295999997e-01        -3.3512022422999999e-02         9.6314323985999997e-02        -9.5402172564999999e-02         7.9690378820000005e-02
4                                     -2.4283534958000001e-02        -2.6906001696000000e-02         8.5175015808000007e-02        -3.3512022422999999e-02         1.3920419963000000e-01        -3.9671360344000001e-01         6.7462247062999997e-02        -1.0413232131000000e-01
5                                      1.6021094967999999e-02         8.5617745800999998e-02        -5.1883693999000002e-02         9.6314323985999997e-02        -3.9671360344000001e-01         2.6376316319999998e-01        -9.4123412407999998e-02         2.1485842721000001e-01
6                                      8.2265922052000007e-03        -4.8336006388000003e-03         7.4361519693999997e-03        -9.5402172564999999e-02         6.7462247062999997e-02        -9.4123412407999998e-02         7.7891549200999999e-02        -7.6884651358000003e-02
7                                      7.3263854211999997e-03        -1.6715150937000000e-02        -1.2665181131000000e-02         7.9690378820000005e-02        -1.0413232131000000e-01         2.1485842721000001e-01        -7.6884651358000003e-02         1.3451651101000001e-01
8                                     -2.8257719736000000e-03        -1.5142747776000000e-02        -1.0179938984999999e-02        -1.1021864280000000e-01         2.1540353476999999e-01        -1.7944568525999999e-01         9.9303837231999995e-02        -1.8736025537000001e-01
9                                     -4.9164039344999997e-03         5.1865945118000000e-03        -5.4676454265000004e-03        -1.6534314968000000e-01         1.3674629798000000e-02        -3.5374627596999997e-02         9.1655920979000008e-03        -1.4548262899999999e-02
10                                    -1.0571418313000000e-02        -1.0030976524000000e-02        -2.2836691305999999e-02         5.8138291755000003e-03        -5.7241732546999997e-03         7.5238949077999995e-02         1.1668482778000000e-02        -1.2162918555000001e-02
11                                     1.3207193024000001e-02        -2.0953166219000001e-02        -4.6175571433999998e-03        -2.5361400504000001e-02         7.6197861743000000e-02        -3.0306058217000002e-02        -1.0324558302999999e-02        -1.8944213998999999e-02
12                                    -2.2141571086000001e-03         2.3780241012000001e-03        -2.0304844817000001e-03        -4.2808281417000001e-02        -2.2464829690000000e-02         2.2709092383999999e-02         1.8144061975000000e-03         4.2866385965000002e-03
13                                     3.1483155115999998e-03        -9.4433562586999998e-05         2.7475880598000000e-03        -8.0801860237999998e-03         5.6495209861000002e-03        -2.7296917009000002e-03        -1.6411771186000000e-03         1.3247475556000001e-03
14                                    -4.1594272715999997e-03         2.1447932819000002e-03        -1.3058199130000000e-03         6.2268074949000003e-03        -4.1072098491000001e-03         9.1756262895999995e-03         2.0537945611999999e-03        -1.7699376525999999e-03
15                                    -1.1786621753000000e-03         4.7851504710999998e-04        -1.2723167754000000e-03         6.6352544241999999e-03         1.0830324873000001e-03        -1.0721403431000001e-03        -4.3842278974000001e-04        -1.4751330244999999e-03
16                                    -1.3119611985000000e-03         1.8166271888999999e-03         1.4824190136000000e-03        -5.0109784815999996e-04        -4.7855778964000003e-03         3.5584170932000002e-03         8.1851413919000002e-04         1.5415441673000000e-03
17                                     1.6004177344000000e-03         1.1555087276000000e-03         1.3886001085999999e-03         7.1961256168999997e-04         3.8210012442000001e-03        -6.8210006166000000e-03        -1.0017071685000001e-03        -1.2710674380000001e-04
18                                     1.2072472532999999e-03         4.5191778740000000e-04        -3.7104703060000002e-04        -5.5443110808000001e-03        -1.6256982732000000e-03         1.2320185657000000e-03        -9.9080343591999992e-04         2.7834908484999999e-03
19                                    -9.7836009946000000e-05         1.5669228622000001e-04        -5.3115912042999997e-04         9.0041360553000003e-04         1.5485230126000000e-03        -2.3333451078000000e-03        -5.6681801748999997e-04        -1.5995607553000000e-04
20                                     2.3848571614000001e-04        -4.0792353337000000e-04         5.4181712193999997e-04        -2.2164623832000001e-03        -1.2563330836000001e-03         1.8380921465000000e-03         1.0995538152000000e-03        -6.3278697082000000e-04
21                                    -1.0355368037000001e-03        -6.5183879672000005e-04         5.6019774345000004e-04         5.0401938259000004e-03        -8.7406160992000001e-04         2.3581559456000000e-03         1.8916659671000000e-03        -2.8540127542000002e-03
22                                    -5.5061506342000000e-04         1.3244740466000001e-03         1.0517495488000001e-03        -1.7583432689999999e-03        -5.8559567128000003e-03         1.5254847672999999e-03         1.5926620494999999e-03         2.4578427809999999e-03
23                                     8.0183659318000004e-05         1.3749108274000001e-03         8.7240992094999995e-04         3.2374390857000000e-03         2.0831708421000000e-03        -6.2755989268999997e-03        -2.1077023292000001e-03         1.2118970019000001e-03
24                                     2.7686950766000001e-03        -8.3632876658000000e-04         2.5486698762000002e-04        -2.1500409328000000e-02         1.9677908345000002e-02        -2.5378623029999998e-02        -5.8547234831000002e-03         3.1190527683000002e-03
25                                    -7.8224170522999997e-04         1.4287880406000000e-03        -1.3957638460000000e-03         1.1158368412000000e-02         4.1172844654000004e-03        -6.9518643005000004e-04        -7.4735804980000000e-04        -2.7016998088000002e-03
26                                     9.4853609923000002e-04        -1.3613979531999999e-03         2.0341196617999998e-03        -1.5811412766999999e-02        -8.1574972105999996e-04         1.3761497312000000e-03         5.2800270753000005e-04         4.9297906304000003e-03
27                                    -4.3322470914000002e-02         1.7591390934000001e-02         1.8967477435000001e-02        -7.5078350018000003e-03        -1.0178817353999999e-02         8.7527757753000004e-03         5.3303020515000005e-04         2.7468749088999998e-03
28                                     1.1005810876000000e-02        -8.4027465029000006e-02        -9.6165631678999997e-02        -4.5658797565999998e-03        -3.2373257816000001e-03         1.1827616472999999e-02        -3.6010080312000000e-04         1.4914033205000001e-03
29                                     1.3161525592000000e-02        -1.0405705150000000e-01        -2.8039978832000001e-01         6.4841046934999997e-03         1.0042531715999999e-02        -1.6501056799999999e-03        -5.7832397647999999e-04        -1.7971749169000001e-03
30                                    -6.9314227332000003e-02         8.4296186672999998e-02        -5.1999404967999997e-03         1.2674190256000000e-04        -1.1303528425999999e-02         1.3089507727000000e-02        -4.1726648237000002e-04        -4.4879658708999997e-03
31                                     9.2364789138999995e-02        -2.9593763793000000e-01        -6.5744994095000000e-03        -3.4247520436000000e-03        -2.8421928467999998e-03         1.1847554389000000e-02         2.0916496032000000e-04        -3.2674997653000001e-03
32                                    -1.1497272453000001e-03        -7.9726865567000002e-04        -4.4033159618999999e-02        -4.0469876206000004e-03         9.8506806297999992e-03        -8.6913291803999999e-03         1.4219843993000000e-03         4.5439438014000001e-03
33                                    -2.6062359442999999e-01         1.6671423099000000e-02        -1.2281397266999999e-01        -2.0973025823999999e-02         3.0386152001000001e-03        -5.7500931861000004e-03         3.2230320620000000e-03        -2.2371451006999999e-05
34                                     1.7657133397999999e-02        -4.2396834591000000e-02         5.6627892509000001e-03        -1.8489566717000000e-02         1.3063476239999999e-03        -5.9942067219000000e-03         2.3458643586000000e-03        -2.7441666944000000e-04
35                                    -1.2313247440000000e-01         7.9523711222999997e-03        -1.0971684360000000e-01         1.8663461978999998e-02        -3.4996825354999999e-03         7.3747109920999998e-03        -2.0453240032999999e-03        -1.0374371490000000e-04
36                                    -2.2425295952000000e-04         2.7832986526999998e-04        -2.9234290968000002e-04        -1.4766897595000000e-03        -2.5262996343000002e-03         2.8769145240999999e-03         5.2596088686000000e-05         1.3423220539000001e-03
37                                    -7.5971072435999996e-05        -7.8814827544999996e-04        -6.8223834564999999e-04         7.8571127972000001e-04        -1.5107373691000000e-04         1.9667155778999999e-03         8.7999888389000004e-04        -5.7037190354000005e-04
38                                    -5.0359220960000000e-06        -5.8750105336999997e-04        -6.6526889190000004e-04        -9.3624872534999999e-04         1.8014770645000001e-03        -7.5818858017999999e-04        -9.6707582893000002e-04        -1.3559654222000000e-03
39                                    -4.5138202929999999e-04         2.4915700898000003e-04        -3.1187909093000001e-04        -2.4288356846999999e-04        -5.1422428551999998e-04         6.1539461364000004e-04         4.2833991467000000e-05        -1.7917692661000001e-04
40                                     1.5019982056000000e-04        -1.2700395713000000e-04        -1.1949188517000000e-04        -1.6927187791000001e-04         5.4524733058000001e-04        -1.0945981651000000e-04         2.1942641662000000e-05        -9.4788617715000002e-05
41                                    -1.8810432679000001e-04        -7.2587834056999994e-05        -1.3521807431000001e-04         8.4126650531000000e-05        -9.9237133292999995e-05         4.7033231611999998e-04        -4.3474721434000000e-06         1.1293492317000000e-04
42                                    -4.0737041187999998e-05         4.3884652513000001e-05        -6.9028046613000003e-05        -3.8991160031000001e-04         3.2853747228000000e-04        -3.5540285715999998e-04        -3.1913735321000003e-05        -2.9932194002000001e-04
43                                     3.7092894302999998e-05        -3.1556593580999999e-04        -1.6991040702999999e-04        -3.7359671248000000e-05         2.0729480089000000e-04         2.0903898501999999e-04         3.9682182850999997e-05        -1.5774209073000001e-04
44                                     2.5152291903000001e-05        -1.9013006110000000e-04        -1.4085904441000000e-04         9.7134266668000001e-05         2.5003575313999998e-04         8.3363392347000003e-05        -7.3122872385999996e-05        -2.8314716970000002e-04
45                                     2.3060588042000001e-05         3.5673828569000000e-05        -6.0421395901000002e-05         2.8424719145999999e-04         1.0598411561999999e-03        -1.1276012544000000e-03        -4.1471107360000002e-04        -2.3671867900999999e-04
46                                    -3.6670769773000001e-05         5.7297960604999996e-06         7.0321261940999998e-05         2.5353441947999999e-05         3.0709496263000002e-04         1.7654088973000000e-04        -3.4541553895000002e-05        -7.4101928067000001e-05
47                                     2.1145186590000000e-05         9.3290528604000005e-05        -2.3382869137000001e-05         5.2749058391000002e-05         2.2347518030000000e-04         1.5429932889000000e-04        -3.0576751563999999e-05        -2.7411678049999999e-05
48                                    -5.6523926657999998e-04        -6.9381921463999998e-05        -1.3783396964999999e-04        -5.0877743334999995e-04         9.5820511350999996e-04        -7.8737801563999997e-04         7.0871554950000003e-04        -3.0752850054000002e-04
49                                    -2.8415354544000001e-04        -9.1826739094000005e-04        -6.6423609188999996e-04        -2.6095244378999998e-04         7.4911042723999999e-04         1.7490030708000000e-03         2.9688470795000001e-05        -1.0210811773000001e-03
50                                     5.0148798059999997e-04        -3.8376599049000002e-04        -1.6215168396999999e-04         1.5584959777000000e-03         1.6430308957999999e-03         1.5959230659000000e-03        -5.8717376264999998e-04        -5.9006867722999996e-04
                                                         8                           9                          10                          11                          12                          13                          14                          15

0                                     -2.8257719736000000e-03        -4.9164039344999997e-03        -1.0571418313000000e-02         1.3207193024000001e-02        -2.2141571086000001e-03         3.1483155115999998e-03        -4.1594272715999997e-03        -1.1786621753000000e-03
1                                     -1.5142747776000000e-02         5.1865945118000000e-03        -1.0030976524000000e-02        -2.0953166219000001e-02         2.3780241012000001e-03        -9.4433562586999998e-05         2.1447932819000002e-03         4.7851504710999998e-04
2                                     -1.0179938984999999e-02        -5.4676454265000004e-03        -2.2836691305999999e-02        -4.6175571433999998e-03        -2.0304844817000001e-03         2.7475880598000000e-03        -1.3058199130000000e-03        -1.2723167754000000e-03
3                                     -1.1021864280000000e-01        -1.6534314968000000e-01         5.8138291755000003e-03        -2.5361400504000001e-02        -4.2808281417000001e-02        -8.0801860237999998e-03         6.2268074949000003e-03         6.6352544241999999e-03
4                                      2.1540353476999999e-01         1.3674629798000000e-02        -5.7241732546999997e-03         7.6197861743000000e-02        -2.2464829690000000e-02         5.6495209861000002e-03        -4.1072098491000001e-03         1.0830324873000001e-03
5                                     -1.7944568525999999e-01        -3.5374627596999997e-02         7.5238949077999995e-02        -3.0306058217000002e-02         2.2709092383999999e-02        -2.7296917009000002e-03         9.1756262895999995e-03        -1.0721403431000001e-03
6                                      9.9303837231999995e-02         9.1655920979000008e-03         1.1668482778000000e-02        -1.0324558302999999e-02         1.8144061975000000e-03        -1.6411771186000000e-03         2.0537945611999999e-03        -4.3842278974000001e-04
7                                     -1.8736025537000001e-01        -1.4548262899999999e-02        -1.2162918555000001e-02        -1.8944213998999999e-02         4.2866385965000002e-03         1.3247475556000001e-03        -1.7699376525999999e-03        -1.4751330244999999e-03
8                                      2.0040971509000000e-01         1.9815450677000000e-02        -1.5792064472999998e-02        -6.3322126038999997e-03        -4.5705776042000001e-03        -2.2329326911000001e-03         1.4419288770000001e-03         1.6215232920000001e-03
9                                      1.9815450677000000e-02         4.9890261811999997e-01         2.8245641373000001e-02        -1.4283952800000000e-03        -1.7403556076999999e-01        -7.5244258782000001e-02         8.3279189130000000e-02        -4.7806064311999998e-02
10                                    -1.5792064472999998e-02         2.8245641373000001e-02         3.2179304420999999e-01        -2.7635063880999999e-01        -4.7938279344000002e-02        -1.4270214097000000e-01         9.2065984828999997e-02        -4.2125834366000002e-02
11                                    -6.3322126038999997e-03        -1.4283952800000000e-03        -2.7635063880999999e-01         4.2939630049999999e-01         4.9668714223000003e-02         9.0191013193999997e-02        -1.7015160374999999e-01         4.7915816329000001e-02
12                                    -4.5705776042000001e-03        -1.7403556076999999e-01        -4.7938279344000002e-02         4.9668714223000003e-02         6.9167682602000002e-01        -8.5312747934000004e-03         5.3891536997999999e-02        -3.5024416253000001e-01
13                                    -2.2329326911000001e-03        -7.5244258782000001e-02        -1.4270214097000000e-01         9.0191013193999997e-02        -8.5312747934000004e-03         3.6197479603999999e-01        -2.8388448322999998e-01         3.5226986538999999e-02
14                                     1.4419288770000001e-03         8.3279189130000000e-02         9.2065984828999997e-02        -1.7015160374999999e-01         5.3891536997999999e-02        -2.8388448322999998e-01         4.8270981286999998e-01        -6.4462618292999999e-02
15                                     1.6215232920000001e-03        -4.7806064311999998e-02        -4.2125834366000002e-02         4.7915816329000001e-02        -3.5024416253000001e-01         3.5226986538999999e-02        -6.4462618292999999e-02         7.0743156912000005e-01
16                                     6.9778334529999996e-05        -1.2897345534000000e-02         2.2987154728000000e-02        -1.7823642136000000e-02        -5.1674789481999999e-03        -8.9191186901000002e-02         3.0568159668000000e-02         4.0598551876999997e-02
17                                     1.6987542230000000e-03         1.1444826882000001e-02        -1.9807255635000000e-02         3.5063124245000001e-02        -1.4554241198000001e-02         3.3528842160000003e-02        -1.0636893837000000e-01        -8.3523366421000000e-03
18                                    -3.1825646122999999e-03         3.3545341196000002e-03        -7.8341509371999997e-03         1.0639041292000001e-02        -1.1361158818999999e-02         2.0418532005999999e-02        -2.6836187160000000e-02        -1.5369318139999999e-01
19                                    -2.0929777899000000e-04        -7.5150491973000003e-03        -3.2524503512000001e-02         3.0027118432999999e-02         5.1001067753999998e-02         1.4570531302000001e-02        -6.4062786482999999e-04         2.1035661208999999e-02
20                                     3.8325604758999998e-04         1.0263277705999999e-02         2.9164738720999998e-02        -4.3435985603000000e-02        -6.4202432035000007e-02        -2.9054043126999999e-03         9.6178555718999994e-03        -3.1224714604999999e-02
21                                     3.1332766648000001e-03        -1.2035205000000000e-02         5.3605849710999999e-02        -6.7930017026999995e-02        -5.5344453342999998e-02        -1.3141194175999999e-02         1.2518193110999999e-02         5.9605732539999998e-02
22                                     1.9855499625999998e-03         2.3105845640000001e-02         1.3576061391000000e-02        -3.3365070999999999e-03        -1.6102446304000002e-02        -8.5166683989999995e-03         9.3942264967999999e-04         5.2014464049999999e-03
23                                     2.1095782594000002e-03        -3.0332508987000000e-02        -9.0805186305999998e-04         8.4742837547999994e-03         1.6457220710000001e-02         1.3420376027999999e-03        -6.9462740184000000e-03        -2.8064841550999998e-03
24                                    -4.7610111760999999e-03        -1.2807810620000001e-01         1.6544992248000000e-02        -2.5358279644000000e-02         5.3689029860000001e-02         2.1370362021999999e-03         8.3915633661000005e-04        -3.8138327797999999e-02
25                                     4.2857682563000000e-03         4.2925225035999999e-02        -1.5007508886000001e-01         1.1545036476999999e-01        -1.9283891386000000e-02        -1.2498274328000001e-02         2.4628606962000001e-02         1.5638649550000001e-02
26                                    -4.3370430021000004e-03        -5.7737829692000003e-02         1.1388062486000000e-01        -2.0344996322000000e-01         2.6786132245999999e-02         2.5737498158000000e-02        -2.1869586446000001e-02        -2.1471831316000001e-02
27                                     4.4956369057000001e-03         2.3940220547000002e-03         3.6752663738000000e-03         4.0278643251999997e-03        -1.4083042530000001e-03        -7.2725274630000005e-04         2.7393303082999999e-05         8.7912054461999998e-04
28                                     4.1233855637000001e-03         1.3768397657000001e-03         3.0870604679000000e-03         2.4187832707000000e-03        -5.8462148201999999e-04        -4.6571977298000001e-04        -2.5780837563999998e-05         2.9125685874999997e-04
29                                    -3.7353110582000002e-03        -9.4955931707000002e-04        -2.2933935247999998e-03        -1.8712872536999999e-03         1.5093247155000000e-04        -1.5224907604999999e-05         4.4749320712000002e-05        -1.2237145427000001e-04
30                                    -2.4197130864000000e-03         3.5304243757000001e-03        -2.1100138643999999e-03        -3.1664653237000002e-03        -1.1117576487999999e-03        -3.8530515891000003e-04         8.8396861442999999e-04         8.8006787869000000e-04
31                                    -2.4563683651000002e-03         1.2454246637000001e-03        -1.4877046407000001e-03        -1.8425666218999999e-03        -1.0285306740000000e-05         2.3874846586000002e-05         1.1380686858000000e-04         1.8334298847999999e-04
32                                     3.4081875267000000e-04        -1.0230888785000001e-03         7.0856619642999997e-04         2.3212780767999999e-03         5.9163788702000000e-05         1.2524846286000001e-04        -4.3802357612999999e-04        -1.9857319448999999e-04
33                                     1.0381279106999999e-04        -4.9443988640000000e-04        -3.5645847599000001e-03         1.9582717105000001e-03        -7.8659525597999996e-04         5.6092284962000005e-04        -8.6096472462999997e-04        -2.4606862052000002e-04
34                                     2.1535657054000000e-04         6.0898323735000001e-05        -4.2329713763000001e-03         2.1310675784000001e-03        -1.4242091474999999e-03         7.2534676138000004e-04        -4.8177192603999998e-04         3.7142483471000001e-05
35                                    -2.2901230366000001e-04         9.4247033733000003e-04         3.9277979719999998e-03        -3.0758394052000002e-03         1.5435136919000000e-03        -4.8853029255000000e-04         8.4110664682000001e-04         2.0133594064000000e-04
36                                    -1.5194693458999999e-03         1.2600695590000001e-02        -1.1457357651000000e-02         1.4778540176000001e-02        -9.3676366092999994e-02         5.9696933551000003e-02        -7.7710441461999999e-02        -5.0843112150999997e-03
37                                    -1.3315184350000001e-03         5.7673026142999999e-03        -5.4502231099000003e-03         9.8754846510000008e-03         5.8731474929999999e-02        -1.4000678503000000e-01         1.3161438926999999e-01        -5.8131595488000005e-04
38                                    -1.3225636599000000e-04        -6.1166954230999996e-03         8.6755782495000003e-03        -8.8196684071000005e-03        -7.6863184104000004e-02         1.3137816528999999e-01        -2.0309551380999999e-01         4.2967572994999999e-04
39                                     1.8402958396000001e-04        -4.5673289843999997e-03         6.8615931750000002e-04        -1.7455702314000000e-03        -1.4243539082000000e-02        -1.5996220916000000e-02         1.8219337475000000e-02        -1.6789856982000001e-01
40                                     1.6646365548000000e-04         8.5310617554000003e-04         5.0544831069000004e-03         2.7069540565000001e-03         2.6140215448000000e-03         5.0159958821000003e-03        -6.6109356044999996e-04        -9.1515831120999994e-02
41                                    -6.8774697733000001e-05        -1.8367521715000001e-03         2.8284777250000000e-03         3.6810271621000000e-03        -4.8053200791999999e-03        -2.0364872855999998e-03         6.4539417759000000e-03         1.0237241894000000e-01
42                                     3.3926182547000002e-04         7.7530171751999995e-04        -1.0520432925000000e-04         2.3608125484000001e-04         1.7712598032000001e-03         1.3177526283000001e-03        -1.9486549023000001e-03        -6.0509699773000003e-03
43                                    -3.1086177096000000e-04        -1.6458621003000000e-04        -1.0278164698000001e-03         2.0976290097000000e-04         5.8338605707999999e-04         1.8501649818000001e-03         5.5161189452000003e-03         1.8337229539000001e-02
44                                    -7.6634469428999997e-05         3.5117444244000000e-04         2.1016863589000000e-04        -1.0920210336000000e-03        -1.2609535162999999e-03         5.5215384723999996e-03        -5.3314253235999995e-04        -2.2975555878999999e-02
45                                     1.9474666442000001e-04        -5.1436133635999999e-03        -1.0850938124000001e-04        -7.2131488610999996e-04        -7.0803941615000003e-04        -2.4039030294999999e-04         3.3034214356000000e-04        -2.0488894921999999e-03
46                                    -4.6175855337000003e-05        -2.6547163524999999e-04         4.8913649126000004e-03         2.2437644464000000e-03        -3.7345441746999998e-04        -3.3554347257000000e-04        -6.7473229907999996e-04        -3.0510457657000000e-03
47                                    -6.6942855516999999e-05        -6.0764965840000003e-04         2.3183765130000001e-03         3.9187171822000003e-03         5.8128465919999998e-04        -6.6550270010000000e-04        -2.8512491382000001e-05         2.9066154890000002e-03
48                                     3.0617515288999998e-04         1.1696684057999999e-02         5.5751320006000001e-03        -6.3955211870000001e-03        -1.0091461472999999e-03         1.4807807039999999e-03        -2.2914252828000001e-03        -2.6041143727999999e-03
49                                    -1.3676147205000000e-03        -1.1806533673999999e-02        -5.9706515405000002e-03         7.7985598295000000e-03         2.2861578620000001e-03         2.6757740828000001e-03         4.6543547969000003e-03         6.3734516358000001e-04
50                                    -1.7802396451000000e-03         1.4778363308000000e-02         8.9688328396000001e-03        -9.7025342866999993e-03        -3.5603982248000000e-03         4.3863256594999997e-03         4.5239355649000001e-04        -1.4884431002000001e-03
                                                        16                          17                          18                          19                          20                          21                          22                          23

0                                     -1.3119611985000000e-03         1.6004177344000000e-03         1.2072472532999999e-03        -9.7836009946000000e-05         2.3848571614000001e-04        -1.0355368037000001e-03        -5.5061506342000000e-04         8.0183659318000004e-05
1                                      1.8166271888999999e-03         1.1555087276000000e-03         4.5191778740000000e-04         1.5669228622000001e-04        -4.0792353337000000e-04        -6.5183879672000005e-04         1.3244740466000001e-03         1.3749108274000001e-03
2                                      1.4824190136000000e-03         1.3886001085999999e-03        -3.7104703060000002e-04        -5.3115912042999997e-04         5.4181712193999997e-04         5.6019774345000004e-04         1.0517495488000001e-03         8.7240992094999995e-04
3                                     -5.0109784815999996e-04         7.1961256168999997e-04        -5.5443110808000001e-03         9.0041360553000003e-04        -2.2164623832000001e-03         5.0401938259000004e-03        -1.7583432689999999e-03         3.2374390857000000e-03
4                                     -4.7855778964000003e-03         3.8210012442000001e-03        -1.6256982732000000e-03         1.5485230126000000e-03        -1.2563330836000001e-03        -8.7406160992000001e-04        -5.8559567128000003e-03         2.0831708421000000e-03
5                                      3.5584170932000002e-03        -6.8210006166000000e-03         1.2320185657000000e-03        -2.3333451078000000e-03         1.8380921465000000e-03         2.3581559456000000e-03         1.5254847672999999e-03        -6.2755989268999997e-03
6                                      8.1851413919000002e-04        -1.0017071685000001e-03        -9.9080343591999992e-04        -5.6681801748999997e-04         1.0995538152000000e-03         1.8916659671000000e-03         1.5926620494999999e-03        -2.1077023292000001e-03
7                                      1.5415441673000000e-03        -1.2710674380000001e-04         2.7834908484999999e-03        -1.5995607553000000e-04        -6.3278697082000000e-04        -2.8540127542000002e-03         2.4578427809999999e-03         1.2118970019000001e-03
8                                      6.9778334529999996e-05         1.6987542230000000e-03        -3.1825646122999999e-03        -2.0929777899000000e-04         3.8325604758999998e-04         3.1332766648000001e-03         1.9855499625999998e-03         2.1095782594000002e-03
9                                     -1.2897345534000000e-02         1.1444826882000001e-02         3.3545341196000002e-03        -7.5150491973000003e-03         1.0263277705999999e-02        -1.2035205000000000e-02         2.3105845640000001e-02        -3.0332508987000000e-02
10                                     2.2987154728000000e-02        -1.9807255635000000e-02        -7.8341509371999997e-03        -3.2524503512000001e-02         2.9164738720999998e-02         5.3605849710999999e-02         1.3576061391000000e-02        -9.0805186305999998e-04
11                                    -1.7823642136000000e-02         3.5063124245000001e-02         1.0639041292000001e-02         3.0027118432999999e-02        -4.3435985603000000e-02        -6.7930017026999995e-02        -3.3365070999999999e-03         8.4742837547999994e-03
12                                    -5.1674789481999999e-03        -1.4554241198000001e-02        -1.1361158818999999e-02         5.1001067753999998e-02        -6.4202432035000007e-02        -5.5344453342999998e-02        -1.6102446304000002e-02         1.6457220710000001e-02
13                                    -8.9191186901000002e-02         3.3528842160000003e-02         2.0418532005999999e-02         1.4570531302000001e-02        -2.9054043126999999e-03        -1.3141194175999999e-02        -8.5166683989999995e-03         1.3420376027999999e-03
14                                     3.0568159668000000e-02        -1.0636893837000000e-01        -2.6836187160000000e-02        -6.4062786482999999e-04         9.6178555718999994e-03         1.2518193110999999e-02         9.3942264967999999e-04        -6.9462740184000000e-03
15                                     4.0598551876999997e-02        -8.3523366421000000e-03        -1.5369318139999999e-01         2.1035661208999999e-02        -3.1224714604999999e-02         5.9605732539999998e-02         5.2014464049999999e-03        -2.8064841550999998e-03
16                                     3.7331575681000001e-01        -2.7798885403000001e-01         6.2322973147999998e-02        -1.6165337259000001e-01         1.1992600806000001e-01        -2.6017903592000000e-02        -1.7686756407000001e-02         3.1462996223000000e-02
17                                    -2.7798885403000001e-01         4.8230709136000000e-01        -8.2485420266999995e-02         1.1682367239999999e-01        -2.1543934563000000e-01         3.5985801731000001e-02         3.3726213406000002e-02        -2.9497668226000001e-02
18                                     6.2322973147999998e-02        -8.2485420266999995e-02         7.4344664966999996e-01         1.4103080652000000e-02         2.7436235178999999e-02        -2.1241663662999999e-01        -9.2787663744000007e-02         1.0289924271000001e-01
19                                    -1.6165337259000001e-01         1.1682367239999999e-01         1.4103080652000000e-02         3.4476286255999999e-01        -2.5892924782999999e-01        -5.1005905248000000e-02        -1.4592650485000000e-01         9.3639997281000004e-02
20                                     1.1992600806000001e-01        -2.1543934563000000e-01         2.7436235178999999e-02        -2.5892924782999999e-01         4.5020095470999999e-01         5.0914783048999997e-02         9.0544073231000000e-02        -1.7382688488000000e-01
21                                    -2.6017903592000000e-02         3.5985801731000001e-02        -2.1241663662999999e-01        -5.1005905248000000e-02         5.0914783048999997e-02         6.8009758377999996e-01         6.3659885552999999e-03         3.1258533489999997e-02
22                                    -1.7686756407000001e-02         3.3726213406000002e-02        -9.2787663744000007e-02        -1.4592650485000000e-01         9.0544073231000000e-02         6.3659885552999999e-03         3.7467261555999998e-01        -2.8842929692000002e-01
23                                     3.1462996223000000e-02        -2.9497668226000001e-02         1.0289924271000001e-01         9.3639997281000004e-02        -1.7382688488000000e-01         3.1258533489999997e-02        -2.8842929692000002e-01         4.9706732179000002e-01
24                                     1.9807924580999999e-02        -2.6891193226999999e-02        -4.4042985296000002e-02        -4.1486799211999999e-02         4.7389140950999997e-02        -3.4544566423000000e-01         3.1533449904999997e-02        -5.8974548299000000e-02
25                                    -1.2717137103999999e-02         8.5180495209000000e-03        -1.0256592016000000e-02         2.1628570603000000e-02        -1.4659815677000001e-02        -8.7408255294000002e-03        -8.5069870130999994e-02         2.9073559823999999e-02
26                                     8.6196643040999995e-03        -1.8826824310999999e-02         8.9164323429000002e-03        -1.6811747041000000e-02         3.1953184836000001e-02        -8.7208505985000000e-03         3.2280529797000003e-02        -1.0123779910000000e-01
27                                    -6.9433921405000004e-04         1.2718634158000000e-05        -1.6189586166000000e-04         4.7098367705000001e-04        -5.2661251433000001e-04        -3.5295369568000002e-04        -4.7485726209000001e-04        -3.9945306712999999e-04
28                                    -3.2162703426999998e-04        -1.7182646177000001e-04        -2.6992172365000001e-04         1.6687743561999999e-04        -1.6573308584000001e-04         8.4377114781999994e-05        -4.5444165244000001e-04        -1.5099770072000000e-04
29                                     7.7635715776000006e-05         3.2033869716000001e-04         3.6385345742000002e-04         7.4853708064999999e-06        -3.1716872218000000e-05        -4.0044564069000000e-04        -3.6714732512999999e-05         1.2224713697000001e-04
30                                     1.3196375372999999e-04         5.4544803878999999e-04        -6.9399000068999999e-05         5.1318158011000000e-04        -7.0525792278000002e-04        -6.5169893156999999e-04         5.8045055590000001e-04         6.4071265134000004e-04
31                                     3.2217154862999999e-04        -4.0870435959000000e-05        -3.0591238745999999e-04        -1.2183147690000001e-04        -4.3153357038000000e-05         4.8866018153999997e-04         3.5086522966999999e-04        -2.6227571033000003e-04
32                                    -2.0473241006000001e-04        -2.5115384150000000e-05         2.7661888516999997e-04         3.8419488311000001e-06         5.6758779988999998e-05        -8.7930537003000003e-05        -1.0358585322000000e-04        -1.2439540653000000e-04
33                                    -9.6849712758999995e-05         3.6390781112000001e-04         1.5926800820999999e-04        -1.5444103434999999e-05        -4.8267091470000001e-05        -9.5631612374999999e-05        -2.0540910936999999e-05        -1.6007412634999999e-05
34                                    -1.8378403746999999e-04         5.9090548388999998e-04         1.0258363687000001e-04         1.3059884032000000e-04        -1.7293529854000000e-04        -2.0641734800999999e-04         2.0119654590999999e-04        -3.5939442373000003e-05
35                                     1.9272429763000001e-04        -4.3286218635000000e-04        -1.1520113293000000e-04        -6.3064978429000002e-05         2.4405511177000001e-05         1.4598986851999999e-04        -6.9336743944000006e-05         4.0866781846000002e-05
36                                     1.7551115393999998e-02        -2.2223944461000001e-02        -5.2002708951000001e-03        -9.6783383232000001e-04         9.2042015332000003e-05        -3.8153902163999998e-04        -2.6164581308000000e-04         3.2173859228000002e-04
37                                     3.2037974226000001e-03         3.9109145353000000e-04        -3.5852660551999999e-04         5.0750430444999996e-03         2.4210952940000000e-03        -5.0533735446000000e-04        -2.5195626183000002e-04        -5.7356061107000002e-04
38                                     1.7783743649999999e-03         1.5014515800999999e-03        -5.2641375390999996e-04         2.3982431528999999e-03         3.8237786481000002e-03         6.0336581447999996e-04        -5.7505494888999997e-04         6.9936751493000006e-05
39                                    -9.1099140721000005e-02         1.0193126515000001e-01         1.0551059252000001e-02         6.6590543865999996e-03        -7.8185708435999993e-03         3.5018794338999998e-04         1.4910702046999999e-03        -2.2616974658000001e-03
40                                    -1.2190834342000000e-01         9.3934224570999994e-02        -1.2539703119000000e-02        -4.0728779874000002e-03         9.3761976521999999e-03         2.0895145593000002e-03         2.6243787332999998e-03         5.1445132661000004e-03
41                                     9.3918970264999999e-02        -1.4671705772999999e-01         1.5770722389999998e-02         1.0678369720999999e-02        -7.5148260642000000e-03        -2.7956481190999998e-03         5.1605214845000004e-03         1.5594471010000000e-04
42                                    -1.5878062583999999e-03         1.2745916553999999e-03        -3.3244709755000001e-01         1.7737268611000001e-02        -4.3751416869999997e-02        -1.3642785068000001e-02         3.6355245541999999e-03        -5.6816054857000003e-03
43                                     2.3731833274000000e-03         1.8471606975000001e-03         1.7677113844000000e-02        -4.4835498059999999e-02         1.4303891159000000e-02        -1.6303604441000000e-02         4.2448581911000002e-03        -3.1646259869999999e-03
44                                     2.8225833946999998e-04         7.2989165853999997e-04        -4.3780869802000001e-02         1.4349977099000001e-02        -5.4944349597000001e-02         1.8796451863999999e-02        -1.6469400920000000e-03         6.0878965308999999e-03
45                                    -2.3906031553000001e-03         2.2769000748000001e-03         1.0965771653999999e-02        -1.1979423180000000e-02         1.5217976558000000e-02        -9.0864018692000004e-02         5.5197267454999997e-02        -7.1773919600000000e-02
46                                     3.2769631744000000e-03         4.0188210383999999e-03         7.3023441480999998e-03        -4.2342491328999999e-03         1.0991335970000000e-02         5.5661332126000003e-02        -1.4015897913000000e-01         1.2951713375000001e-01
47                                     4.2216069009999996e-03         1.7725575537000000e-03        -8.6781595381999997e-03         9.3767230863000001e-03        -7.8713428759000000e-03        -7.2138255439999993e-02         1.2948684229999999e-01        -2.0315273944000001e-01
48                                     5.3348337291999996e-04        -6.4664727263999996e-04        -3.7567899879000000e-03         1.2143972373000001e-03        -2.1577606888000000e-03        -1.4719241026000000e-02        -1.6747592881000001e-02         1.9458856056999999e-02
49                                    -3.8941297489000000e-04        -2.1957773705999999e-04         8.1613282277000004e-04         5.4890946007999999e-03         2.4459932224999998e-03         2.0053785247999998e-03         4.4688410695999997e-03        -1.3254683999000001e-03
50                                    -1.4178365388000001e-04        -6.5299697391999997e-04        -1.5583015603000000e-03         2.2130610725999999e-03         4.6243481498999999e-03        -4.2016020728000000e-03        -2.5029507420999998e-03         6.0608743594000002e-03
                                                        24                          25                          26                          27                          28                          29                          30                          31

0                                      2.7686950766000001e-03        -7.8224170522999997e-04         9.4853609923000002e-04        -4.3322470914000002e-02         1.1005810876000000e-02         1.3161525592000000e-02        -6.9314227332000003e-02         9.2364789138999995e-02
1                                     -8.3632876658000000e-04         1.4287880406000000e-03        -1.3613979531999999e-03         1.7591390934000001e-02        -8.4027465029000006e-02        -1.0405705150000000e-01         8.4296186672999998e-02        -2.9593763793000000e-01
2                                      2.5486698762000002e-04        -1.3957638460000000e-03         2.0341196617999998e-03         1.8967477435000001e-02        -9.6165631678999997e-02        -2.8039978832000001e-01        -5.1999404967999997e-03        -6.5744994095000000e-03
3                                     -2.1500409328000000e-02         1.1158368412000000e-02        -1.5811412766999999e-02        -7.5078350018000003e-03        -4.5658797565999998e-03         6.4841046934999997e-03         1.2674190256000000e-04        -3.4247520436000000e-03
4                                      1.9677908345000002e-02         4.1172844654000004e-03        -8.1574972105999996e-04        -1.0178817353999999e-02        -3.2373257816000001e-03         1.0042531715999999e-02        -1.1303528425999999e-02        -2.8421928467999998e-03
5                                     -2.5378623029999998e-02        -6.9518643005000004e-04         1.3761497312000000e-03         8.7527757753000004e-03         1.1827616472999999e-02        -1.6501056799999999e-03         1.3089507727000000e-02         1.1847554389000000e-02
6                                     -5.8547234831000002e-03        -7.4735804980000000e-04         5.2800270753000005e-04         5.3303020515000005e-04        -3.6010080312000000e-04        -5.7832397647999999e-04        -4.1726648237000002e-04         2.0916496032000000e-04
7                                      3.1190527683000002e-03        -2.7016998088000002e-03         4.9297906304000003e-03         2.7468749088999998e-03         1.4914033205000001e-03        -1.7971749169000001e-03        -4.4879658708999997e-03        -3.2674997653000001e-03
8                                     -4.7610111760999999e-03         4.2857682563000000e-03        -4.3370430021000004e-03         4.4956369057000001e-03         4.1233855637000001e-03        -3.7353110582000002e-03        -2.4197130864000000e-03        -2.4563683651000002e-03
9                                     -1.2807810620000001e-01         4.2925225035999999e-02        -5.7737829692000003e-02         2.3940220547000002e-03         1.3768397657000001e-03        -9.4955931707000002e-04         3.5304243757000001e-03         1.2454246637000001e-03
10                                     1.6544992248000000e-02        -1.5007508886000001e-01         1.1388062486000000e-01         3.6752663738000000e-03         3.0870604679000000e-03        -2.2933935247999998e-03        -2.1100138643999999e-03        -1.4877046407000001e-03
11                                    -2.5358279644000000e-02         1.1545036476999999e-01        -2.0344996322000000e-01         4.0278643251999997e-03         2.4187832707000000e-03        -1.8712872536999999e-03        -3.1664653237000002e-03        -1.8425666218999999e-03
12                                     5.3689029860000001e-02        -1.9283891386000000e-02         2.6786132245999999e-02        -1.4083042530000001e-03        -5.8462148201999999e-04         1.5093247155000000e-04        -1.1117576487999999e-03        -1.0285306740000000e-05
13                                     2.1370362021999999e-03        -1.2498274328000001e-02         2.5737498158000000e-02        -7.2725274630000005e-04        -4.6571977298000001e-04        -1.5224907604999999e-05        -3.8530515891000003e-04         2.3874846586000002e-05
14                                     8.3915633661000005e-04         2.4628606962000001e-02        -2.1869586446000001e-02         2.7393303082999999e-05        -2.5780837563999998e-05         4.4749320712000002e-05         8.8396861442999999e-04         1.1380686858000000e-04
15                                    -3.8138327797999999e-02         1.5638649550000001e-02        -2.1471831316000001e-02         8.7912054461999998e-04         2.9125685874999997e-04        -1.2237145427000001e-04         8.8006787869000000e-04         1.8334298847999999e-04
16                                     1.9807924580999999e-02        -1.2717137103999999e-02         8.6196643040999995e-03        -6.9433921405000004e-04        -3.2162703426999998e-04         7.7635715776000006e-05         1.3196375372999999e-04         3.2217154862999999e-04
17                                    -2.6891193226999999e-02         8.5180495209000000e-03        -1.8826824310999999e-02         1.2718634158000000e-05        -1.7182646177000001e-04         3.2033869716000001e-04         5.4544803878999999e-04        -4.0870435959000000e-05
18                                    -4.4042985296000002e-02        -1.0256592016000000e-02         8.9164323429000002e-03        -1.6189586166000000e-04        -2.6992172365000001e-04         3.6385345742000002e-04        -6.9399000068999999e-05        -3.0591238745999999e-04
19                                    -4.1486799211999999e-02         2.1628570603000000e-02        -1.6811747041000000e-02         4.7098367705000001e-04         1.6687743561999999e-04         7.4853708064999999e-06         5.1318158011000000e-04        -1.2183147690000001e-04
20                                     4.7389140950999997e-02        -1.4659815677000001e-02         3.1953184836000001e-02        -5.2661251433000001e-04        -1.6573308584000001e-04        -3.1716872218000000e-05        -7.0525792278000002e-04        -4.3153357038000000e-05
21                                    -3.4544566423000000e-01        -8.7408255294000002e-03        -8.7208505985000000e-03        -3.5295369568000002e-04         8.4377114781999994e-05        -4.0044564069000000e-04        -6.5169893156999999e-04         4.8866018153999997e-04
22                                     3.1533449904999997e-02        -8.5069870130999994e-02         3.2280529797000003e-02        -4.7485726209000001e-04        -4.5444165244000001e-04        -3.6714732512999999e-05         5.8045055590000001e-04         3.5086522966999999e-04
23                                    -5.8974548299000000e-02         2.9073559823999999e-02        -1.0123779910000000e-01        -3.9945306712999999e-04        -1.5099770072000000e-04         1.2224713697000001e-04         6.4071265134000004e-04        -2.6227571033000003e-04
24                                     7.0281180871000004e-01         4.4767431706999997e-02        -1.6936706244999999e-02         5.8025056957999997e-05        -6.6732898656999998e-04         9.0876695893999998e-04        -7.6194642604999997e-04        -7.4735290028000003e-04
25                                     4.4767431706999997e-02         3.4505435090999997e-01        -2.7399279887000000e-01         2.5545453821999999e-04         3.0532906011000000e-04         1.7751265752000001e-04         8.6926093207000002e-04        -5.1714612088999995e-04
26                                    -1.6936706244999999e-02        -2.7399279887000000e-01         4.6063133594000000e-01        -5.2429409675999999e-04        -7.0753226885999999e-04        -3.4533971823000001e-04        -8.9810010032000001e-04         4.9623491824000001e-04
27                                     5.8025056957999997e-05         2.5545453821999999e-04        -5.2429409675999999e-04         4.3290341587000000e-02        -7.1527703988000001e-03        -1.9723701792000000e-02         4.6217561834000002e-04         4.2371051563000004e-03
28                                    -6.6732898656999998e-04         3.0532906011000000e-04        -7.0753226885999999e-04        -7.1527703988000001e-03         8.9644454164000006e-02         1.0236344015000000e-01         6.5358399879000004e-04        -7.2507582038999997e-03
29                                     9.0876695893999998e-04         1.7751265752000001e-04        -3.4533971823000001e-04        -1.9723701792000000e-02         1.0236344015000000e-01         2.9382773054000000e-01        -1.5948199876000000e-03         6.4569468497000003e-04
30                                    -7.6194642604999997e-04         8.6926093207000002e-04        -8.9810010032000001e-04         4.6217561834000002e-04         6.5358399879000004e-04        -1.5948199876000000e-03         7.2451807394999998e-02        -9.3209024114999997e-02
31                                    -7.4735290028000003e-04        -5.1714612088999995e-04         4.9623491824000001e-04         4.2371051563000004e-03        -7.2507582038999997e-03         6.4569468497000003e-04        -9.3209024114999997e-02         3.0853120430999997e-01
32                                     6.6511051258999997e-04        -4.7662746271999999e-04         3.3104948780000003e-04         8.8000218164999994e-03        -2.6124131777000001e-02         3.3258769133999999e-03        -1.9790798370999999e-03        -5.8042008566000004e-04
33                                     6.3148117756999997e-04        -3.8246616739999998e-04         6.3588465106000005e-04         5.4486107966999998e-03         2.8611635731000000e-04         2.2167545838000001e-03        -4.5330738649999999e-03        -8.9892387546000000e-04
34                                     6.8175527943000001e-04        -3.5613043487000000e-04         6.6151449706000002e-04        -1.0906451883000001e-02         5.4352167957000003e-04        -5.2284400559999998e-03         2.5438090438000001e-02         2.2997545799000002e-03
35                                    -3.4327575706999999e-04         4.6710451921000000e-04        -5.3469388317999998e-04        -2.4397234067999998e-02         2.4106242931000001e-03        -9.3600937532000005e-03         1.9261944295000000e-03        -7.3808408810000002e-04
36                                    -2.9125279722999999e-03        -1.9274870346000000e-03         1.7714589345000000e-03         8.1668210866000000e-05         5.9112140192000003e-05        -5.4992699161000001e-05         1.2453653764000000e-04         7.6341865090999995e-05
37                                    -2.6267607309999998e-03         2.3722770611999998e-03         3.2601783244000002e-03         2.5696418834000000e-04         1.3928765946999999e-04        -1.1939522817000000e-04        -1.2238499915000000e-04        -1.0454664180000000e-04
38                                     2.5705007578000001e-03         3.3717553921000002e-03         1.1767854182000001e-03         1.4913928563000000e-04         1.2955430126000001e-04        -9.1606225542999997e-05        -1.1909344503000000e-04        -1.0156571459000000e-04
39                                    -1.8437287154000000e-04         3.7153518060999998e-04        -4.5744485381000002e-04        -2.4054727009999999e-05        -9.7690098927000006e-06         5.7550513360000000e-05         5.8343886054000001e-05        -3.5399869622999998e-05
40                                     6.1571483678999998e-04        -3.9810143744999999e-04        -3.9885434162999998e-04         3.5575471917000002e-05         1.6896713930000000e-05         3.3032550392000000e-05        -4.4236811676000000e-05        -4.9186978009999998e-05
41                                    -7.3173745358999997e-04        -4.4053962832000002e-04        -2.6005429592999997e-04         5.0887665111999997e-05         3.8302519785000001e-05        -4.3546328954999999e-05        -8.0102473425000001e-06         3.1260815317999999e-05
42                                     2.0966657801000001e-04        -2.7197651690999999e-03         2.8103382118000002e-03         9.7345922118000003e-06        -1.2751352101000000e-05        -1.7265985661000002e-05         4.1905856115999998e-05         2.6007876583000001e-05
43                                    -1.8640332685000000e-03         2.3451416655999998e-03         4.7604754620000000e-03         1.1505430096000000e-04         4.7908012384999997e-05        -1.4366688614000000e-06        -1.2785141601000000e-04         4.5762366682999997e-05
44                                     1.7824137986000000e-03         4.7091200537000000e-03         6.8125873010000000e-04         3.7517383747999998e-05         7.2557393973000006e-05         3.8107703115999999e-05        -1.0771339629999999e-04        -2.7578022045000000e-05
45                                    -6.6776863649000004e-03         1.7589657270999998e-02        -2.2565703058999999e-02        -3.5831082935000003e-05        -2.9168308252999998e-05         5.3109060578000003e-05        -8.4209687216000007e-06        -5.8069218944999997e-05
46                                    -9.9691721497000008e-04         2.6657601735000000e-03         1.4612179879000000e-03         1.2307564277000000e-06        -8.8125232805999996e-08         3.2304052794000001e-06         8.5079171867000005e-06         6.0710418540000004e-06
47                                     4.6772041316999998e-04         2.8994116987999998e-03         4.2630211291000002e-04        -2.4967853513999999e-05        -2.6059828153999999e-05         2.6705373329000000e-05         2.3854278767999999e-05        -6.3593269205999997e-06
48                                    -1.6657195649000001e-01        -8.8734955618000003e-02         1.0272738749000000e-01        -3.4338313064000001e-04        -1.0478528421000000e-04         4.4883506486000002e-05        -8.0821279520999995e-04        -1.4111718955000000e-04
49                                    -8.9659744744000000e-02        -1.1558405375000000e-01         9.8000351277000006e-02         7.4858854609000005e-04         3.1468708572999999e-04         1.9826823141000000e-04        -7.0091511185000005e-04        -1.1993143201000000e-06
50                                     1.0449769816000000e-01         9.8079478240000004e-02        -1.4774888193999999e-01         2.7483087748000001e-04         1.5342973086000000e-04        -1.7696047957999999e-04        -9.1149192439999996e-04        -4.6081055417999999e-04
                                                        32                          33                          34                          35                          36                          37                          38                          39

0                                     -1.1497272453000001e-03        -2.6062359442999999e-01         1.7657133397999999e-02        -1.2313247440000000e-01        -2.2425295952000000e-04        -7.5971072435999996e-05        -5.0359220960000000e-06        -4.5138202929999999e-04
1                                     -7.9726865567000002e-04         1.6671423099000000e-02        -4.2396834591000000e-02         7.9523711222999997e-03         2.7832986526999998e-04        -7.8814827544999996e-04        -5.8750105336999997e-04         2.4915700898000003e-04
2                                     -4.4033159618999999e-02        -1.2281397266999999e-01         5.6627892509000001e-03        -1.0971684360000000e-01        -2.9234290968000002e-04        -6.8223834564999999e-04        -6.6526889190000004e-04        -3.1187909093000001e-04
3                                     -4.0469876206000004e-03        -2.0973025823999999e-02        -1.8489566717000000e-02         1.8663461978999998e-02        -1.4766897595000000e-03         7.8571127972000001e-04        -9.3624872534999999e-04        -2.4288356846999999e-04
4                                      9.8506806297999992e-03         3.0386152001000001e-03         1.3063476239999999e-03        -3.4996825354999999e-03        -2.5262996343000002e-03        -1.5107373691000000e-04         1.8014770645000001e-03        -5.1422428551999998e-04
5                                     -8.6913291803999999e-03        -5.7500931861000004e-03        -5.9942067219000000e-03         7.3747109920999998e-03         2.8769145240999999e-03         1.9667155778999999e-03        -7.5818858017999999e-04         6.1539461364000004e-04
6                                      1.4219843993000000e-03         3.2230320620000000e-03         2.3458643586000000e-03        -2.0453240032999999e-03         5.2596088686000000e-05         8.7999888389000004e-04        -9.6707582893000002e-04         4.2833991467000000e-05
7                                      4.5439438014000001e-03        -2.2371451006999999e-05        -2.7441666944000000e-04        -1.0374371490000000e-04         1.3423220539000001e-03        -5.7037190354000005e-04        -1.3559654222000000e-03        -1.7917692661000001e-04
8                                      3.4081875267000000e-04         1.0381279106999999e-04         2.1535657054000000e-04        -2.2901230366000001e-04        -1.5194693458999999e-03        -1.3315184350000001e-03        -1.3225636599000000e-04         1.8402958396000001e-04
9                                     -1.0230888785000001e-03        -4.9443988640000000e-04         6.0898323735000001e-05         9.4247033733000003e-04         1.2600695590000001e-02         5.7673026142999999e-03        -6.1166954230999996e-03        -4.5673289843999997e-03
10                                     7.0856619642999997e-04        -3.5645847599000001e-03        -4.2329713763000001e-03         3.9277979719999998e-03        -1.1457357651000000e-02        -5.4502231099000003e-03         8.6755782495000003e-03         6.8615931750000002e-04
11                                     2.3212780767999999e-03         1.9582717105000001e-03         2.1310675784000001e-03        -3.0758394052000002e-03         1.4778540176000001e-02         9.8754846510000008e-03        -8.8196684071000005e-03        -1.7455702314000000e-03
12                                     5.9163788702000000e-05        -7.8659525597999996e-04        -1.4242091474999999e-03         1.5435136919000000e-03        -9.3676366092999994e-02         5.8731474929999999e-02        -7.6863184104000004e-02        -1.4243539082000000e-02
13                                     1.2524846286000001e-04         5.6092284962000005e-04         7.2534676138000004e-04        -4.8853029255000000e-04         5.9696933551000003e-02        -1.4000678503000000e-01         1.3137816528999999e-01        -1.5996220916000000e-02
14                                    -4.3802357612999999e-04        -8.6096472462999997e-04        -4.8177192603999998e-04         8.4110664682000001e-04        -7.7710441461999999e-02         1.3161438926999999e-01        -2.0309551380999999e-01         1.8219337475000000e-02
15                                    -1.9857319448999999e-04        -2.4606862052000002e-04         3.7142483471000001e-05         2.0133594064000000e-04        -5.0843112150999997e-03        -5.8131595488000005e-04         4.2967572994999999e-04        -1.6789856982000001e-01
16                                    -2.0473241006000001e-04        -9.6849712758999995e-05        -1.8378403746999999e-04         1.9272429763000001e-04         1.7551115393999998e-02         3.2037974226000001e-03         1.7783743649999999e-03        -9.1099140721000005e-02
17                                    -2.5115384150000000e-05         3.6390781112000001e-04         5.9090548388999998e-04        -4.3286218635000000e-04        -2.2223944461000001e-02         3.9109145353000000e-04         1.5014515800999999e-03         1.0193126515000001e-01
18                                     2.7661888516999997e-04         1.5926800820999999e-04         1.0258363687000001e-04        -1.1520113293000000e-04        -5.2002708951000001e-03        -3.5852660551999999e-04        -5.2641375390999996e-04         1.0551059252000001e-02
19                                     3.8419488311000001e-06        -1.5444103434999999e-05         1.3059884032000000e-04        -6.3064978429000002e-05        -9.6783383232000001e-04         5.0750430444999996e-03         2.3982431528999999e-03         6.6590543865999996e-03
20                                     5.6758779988999998e-05        -4.8267091470000001e-05        -1.7293529854000000e-04         2.4405511177000001e-05         9.2042015332000003e-05         2.4210952940000000e-03         3.8237786481000002e-03        -7.8185708435999993e-03
21                                    -8.7930537003000003e-05        -9.5631612374999999e-05        -2.0641734800999999e-04         1.4598986851999999e-04        -3.8153902163999998e-04        -5.0533735446000000e-04         6.0336581447999996e-04         3.5018794338999998e-04
22                                    -1.0358585322000000e-04        -2.0540910936999999e-05         2.0119654590999999e-04        -6.9336743944000006e-05        -2.6164581308000000e-04        -2.5195626183000002e-04        -5.7505494888999997e-04         1.4910702046999999e-03
23                                    -1.2439540653000000e-04        -1.6007412634999999e-05        -3.5939442373000003e-05         4.0866781846000002e-05         3.2173859228000002e-04        -5.7356061107000002e-04         6.9936751493000006e-05        -2.2616974658000001e-03
24                                     6.6511051258999997e-04         6.3148117756999997e-04         6.8175527943000001e-04        -3.4327575706999999e-04        -2.9125279722999999e-03        -2.6267607309999998e-03         2.5705007578000001e-03        -1.8437287154000000e-04
25                                    -4.7662746271999999e-04        -3.8246616739999998e-04        -3.5613043487000000e-04         4.6710451921000000e-04        -1.9274870346000000e-03         2.3722770611999998e-03         3.3717553921000002e-03         3.7153518060999998e-04
26                                     3.3104948780000003e-04         6.3588465106000005e-04         6.6151449706000002e-04        -5.3469388317999998e-04         1.7714589345000000e-03         3.2601783244000002e-03         1.1767854182000001e-03        -4.5744485381000002e-04
27                                     8.8000218164999994e-03         5.4486107966999998e-03        -1.0906451883000001e-02        -2.4397234067999998e-02         8.1668210866000000e-05         2.5696418834000000e-04         1.4913928563000000e-04        -2.4054727009999999e-05
28                                    -2.6124131777000001e-02         2.8611635731000000e-04         5.4352167957000003e-04         2.4106242931000001e-03         5.9112140192000003e-05         1.3928765946999999e-04         1.2955430126000001e-04        -9.7690098927000006e-06
29                                     3.3258769133999999e-03         2.2167545838000001e-03        -5.2284400559999998e-03        -9.3600937532000005e-03        -5.4992699161000001e-05        -1.1939522817000000e-04        -9.1606225542999997e-05         5.7550513360000000e-05
30                                    -1.9790798370999999e-03        -4.5330738649999999e-03         2.5438090438000001e-02         1.9261944295000000e-03         1.2453653764000000e-04        -1.2238499915000000e-04        -1.1909344503000000e-04         5.8343886054000001e-05
31                                    -5.8042008566000004e-04        -8.9892387546000000e-04         2.2997545799000002e-03        -7.3808408810000002e-04         7.6341865090999995e-05        -1.0454664180000000e-04        -1.0156571459000000e-04        -3.5399869622999998e-05
32                                     4.6744086281999997e-02        -2.4499448390999999e-03         1.2918723679000000e-02         4.1203766928000000e-05        -1.2547978353000001e-04         7.8649289397000001e-05         9.5536656083999996e-05        -8.0928375262999994e-06
33                                    -2.4499448390999999e-03         2.7850626651999999e-01        -1.5319954545000000e-02         1.2666131084999999e-01        -6.6319695367999997e-05        -1.1917631680000000e-04         1.7092341770000001e-05        -1.0601310487000000e-04
34                                     1.2918723679000000e-02        -1.5319954545000000e-02         4.2251115896000002e-02        -9.6076790852000007e-03        -3.4914039086999999e-05        -6.4027039205999994e-05        -1.0223046337000001e-04        -1.0734183654000001e-04
35                                     4.1203766928000000e-05         1.2666131084999999e-01        -9.6076790852000007e-03         1.1496479475000000e-01         1.2805903861000001e-05         1.6327825987000000e-05         7.1790465175000003e-05         1.1269095565999999e-04
36                                    -1.2547978353000001e-04        -6.6319695367999997e-05        -3.4914039086999999e-05         1.2805903861000001e-05         9.4266816005000004e-02        -6.2256336273000000e-02         8.1691769777999995e-02         1.2123007405000000e-03
37                                     7.8649289397000001e-05        -1.1917631680000000e-04        -6.4027039205999994e-05         1.6327825987000000e-05        -6.2256336273000000e-02         1.4006214305000000e-01        -1.4448500022999999e-01         1.7085061241000000e-04
38                                     9.5536656083999996e-05         1.7092341770000001e-05        -1.0223046337000001e-04         7.1790465175000003e-05         8.1691769777999995e-02        -1.4448500022999999e-01         2.0887855423000001e-01         1.9572575361000001e-04
39                                    -8.0928375262999994e-06        -1.0601310487000000e-04        -1.0734183654000001e-04         1.1269095565999999e-04         1.2123007405000000e-03         1.7085061241000000e-04         1.9572575361000001e-04         1.7420298395000000e-01
40                                     3.8562593514999999e-05         1.2658939492999999e-05        -7.5515120857000000e-06        -2.9381829887000000e-05         1.3893683833000000e-04        -2.5518439176000001e-03        -2.5017029950000001e-03         9.8182291419999998e-02
41                                    -4.5534851317000000e-06        -1.5655753289000000e-05        -5.9942020301000000e-05         3.4705955577000002e-05         2.9544216231999998e-04        -2.4669137074999998e-03        -1.4883581114999999e-03        -1.0906821024000000e-01
42                                     2.3598724417999999e-05         5.8106743252000001e-05         1.3959491135000000e-05        -1.7045065677999999e-06        -4.9855338359999996e-04        -8.9440208340999994e-05         5.7811681151000003e-05         4.6773970119999998e-04
43                                     1.2136535196000001e-05         8.6763959679999994e-06        -5.3512528418999997e-07        -3.4351314902000002e-06         7.5607336452000002e-04         2.8212493301000001e-04         2.0911896029000000e-04        -1.5191077510000000e-04
44                                    -3.4670081168000000e-06        -3.6791645758000000e-06        -4.0179859927999999e-05         2.0929398059000000e-05        -9.6208792902999999e-04         1.4610059418999999e-04         1.6370795079000000e-04         5.1213596519000002e-04
45                                     2.8821275942000001e-05        -2.2668411371999999e-05        -3.0297335862000000e-05         2.4310576968000001e-05        -2.9953344636999998e-05         5.2607812821000000e-05         7.7113273162999993e-06         3.0449221966999997e-04
46                                    -1.4943395431000001e-05         2.4934628327000001e-06         7.8701039274000001e-06        -2.5253683297000001e-06         1.3764752524000000e-04        -5.1522600836000001e-04        -3.5173870844999998e-04         3.7267670391999999e-04
47                                     1.9114093012999999e-05        -1.5493694673999999e-06         3.4772262707000000e-06        -4.3207224923000003e-06        -7.7414287217999995e-05        -3.5531794147000001e-04        -3.5110276852000003e-04        -4.4108382640999999e-04
48                                    -2.0641460148000001e-04        -7.9334604394000000e-05         1.8172537883999999e-04        -1.9887057266999999e-04         1.2121711671000000e-03         9.0339198782000006e-05        -1.8904522499000001e-04         5.2820250719000004e-04
49                                     2.1356518539000001e-05        -1.4059439678000001e-04         5.0498754796999998e-05        -3.6148628921000003e-04        -6.0493832464999999e-04        -6.8047124212999995e-04         3.1849274471000002e-04        -8.9610568875999995e-05
50                                     4.4320850397000000e-05         3.0993836470000000e-06        -4.6050938503000002e-04        -6.0848416931000003e-05         1.1254607485999999e-03         2.4391224318000000e-04        -3.7957854333999999e-04         2.8441934215000001e-04
                                                        40                          41                          42                          43                          44                          45                          46                          47

0                                      1.5019982056000000e-04        -1.8810432679000001e-04        -4.0737041187999998e-05         3.7092894302999998e-05         2.5152291903000001e-05         2.3060588042000001e-05        -3.6670769773000001e-05         2.1145186590000000e-05
1                                     -1.2700395713000000e-04        -7.2587834056999994e-05         4.3884652513000001e-05        -3.1556593580999999e-04        -1.9013006110000000e-04         3.5673828569000000e-05         5.7297960604999996e-06         9.3290528604000005e-05
2                                     -1.1949188517000000e-04        -1.3521807431000001e-04        -6.9028046613000003e-05        -1.6991040702999999e-04        -1.4085904441000000e-04        -6.0421395901000002e-05         7.0321261940999998e-05        -2.3382869137000001e-05
3                                     -1.6927187791000001e-04         8.4126650531000000e-05        -3.8991160031000001e-04        -3.7359671248000000e-05         9.7134266668000001e-05         2.8424719145999999e-04         2.5353441947999999e-05         5.2749058391000002e-05
4                                      5.4524733058000001e-04        -9.9237133292999995e-05         3.2853747228000000e-04         2.0729480089000000e-04         2.5003575313999998e-04         1.0598411561999999e-03         3.0709496263000002e-04         2.2347518030000000e-04
5                                     -1.0945981651000000e-04         4.7033231611999998e-04        -3.5540285715999998e-04         2.0903898501999999e-04         8.3363392347000003e-05        -1.1276012544000000e-03         1.7654088973000000e-04         1.5429932889000000e-04
6                                      2.1942641662000000e-05        -4.3474721434000000e-06        -3.1913735321000003e-05         3.9682182850999997e-05        -7.3122872385999996e-05        -4.1471107360000002e-04        -3.4541553895000002e-05        -3.0576751563999999e-05
7                                     -9.4788617715000002e-05         1.1293492317000000e-04        -2.9932194002000001e-04        -1.5774209073000001e-04        -2.8314716970000002e-04        -2.3671867900999999e-04        -7.4101928067000001e-05        -2.7411678049999999e-05
8                                      1.6646365548000000e-04        -6.8774697733000001e-05         3.3926182547000002e-04        -3.1086177096000000e-04        -7.6634469428999997e-05         1.9474666442000001e-04        -4.6175855337000003e-05        -6.6942855516999999e-05
9                                      8.5310617554000003e-04        -1.8367521715000001e-03         7.7530171751999995e-04        -1.6458621003000000e-04         3.5117444244000000e-04        -5.1436133635999999e-03        -2.6547163524999999e-04        -6.0764965840000003e-04
10                                     5.0544831069000004e-03         2.8284777250000000e-03        -1.0520432925000000e-04        -1.0278164698000001e-03         2.1016863589000000e-04        -1.0850938124000001e-04         4.8913649126000004e-03         2.3183765130000001e-03
11                                     2.7069540565000001e-03         3.6810271621000000e-03         2.3608125484000001e-04         2.0976290097000000e-04        -1.0920210336000000e-03        -7.2131488610999996e-04         2.2437644464000000e-03         3.9187171822000003e-03
12                                     2.6140215448000000e-03        -4.8053200791999999e-03         1.7712598032000001e-03         5.8338605707999999e-04        -1.2609535162999999e-03        -7.0803941615000003e-04        -3.7345441746999998e-04         5.8128465919999998e-04
13                                     5.0159958821000003e-03        -2.0364872855999998e-03         1.3177526283000001e-03         1.8501649818000001e-03         5.5215384723999996e-03        -2.4039030294999999e-04        -3.3554347257000000e-04        -6.6550270010000000e-04
14                                    -6.6109356044999996e-04         6.4539417759000000e-03        -1.9486549023000001e-03         5.5161189452000003e-03        -5.3314253235999995e-04         3.3034214356000000e-04        -6.7473229907999996e-04        -2.8512491382000001e-05
15                                    -9.1515831120999994e-02         1.0237241894000000e-01        -6.0509699773000003e-03         1.8337229539000001e-02        -2.2975555878999999e-02        -2.0488894921999999e-03        -3.0510457657000000e-03         2.9066154890000002e-03
16                                    -1.2190834342000000e-01         9.3918970264999999e-02        -1.5878062583999999e-03         2.3731833274000000e-03         2.8225833946999998e-04        -2.3906031553000001e-03         3.2769631744000000e-03         4.2216069009999996e-03
17                                     9.3934224570999994e-02        -1.4671705772999999e-01         1.2745916553999999e-03         1.8471606975000001e-03         7.2989165853999997e-04         2.2769000748000001e-03         4.0188210383999999e-03         1.7725575537000000e-03
18                                    -1.2539703119000000e-02         1.5770722389999998e-02        -3.3244709755000001e-01         1.7677113844000000e-02        -4.3780869802000001e-02         1.0965771653999999e-02         7.3023441480999998e-03        -8.6781595381999997e-03
19                                    -4.0728779874000002e-03         1.0678369720999999e-02         1.7737268611000001e-02        -4.4835498059999999e-02         1.4349977099000001e-02        -1.1979423180000000e-02        -4.2342491328999999e-03         9.3767230863000001e-03
20                                     9.3761976521999999e-03        -7.5148260642000000e-03        -4.3751416869999997e-02         1.4303891159000000e-02        -5.4944349597000001e-02         1.5217976558000000e-02         1.0991335970000000e-02        -7.8713428759000000e-03
21                                     2.0895145593000002e-03        -2.7956481190999998e-03        -1.3642785068000001e-02        -1.6303604441000000e-02         1.8796451863999999e-02        -9.0864018692000004e-02         5.5661332126000003e-02        -7.2138255439999993e-02
22                                     2.6243787332999998e-03         5.1605214845000004e-03         3.6355245541999999e-03         4.2448581911000002e-03        -1.6469400920000000e-03         5.5197267454999997e-02        -1.4015897913000000e-01         1.2948684229999999e-01
23                                     5.1445132661000004e-03         1.5594471010000000e-04        -5.6816054857000003e-03        -3.1646259869999999e-03         6.0878965308999999e-03        -7.1773919600000000e-02         1.2951713375000001e-01        -2.0315273944000001e-01
24                                     6.1571483678999998e-04        -7.3173745358999997e-04         2.0966657801000001e-04        -1.8640332685000000e-03         1.7824137986000000e-03        -6.6776863649000004e-03        -9.9691721497000008e-04         4.6772041316999998e-04
25                                    -3.9810143744999999e-04        -4.4053962832000002e-04        -2.7197651690999999e-03         2.3451416655999998e-03         4.7091200537000000e-03         1.7589657270999998e-02         2.6657601735000000e-03         2.8994116987999998e-03
26                                    -3.9885434162999998e-04        -2.6005429592999997e-04         2.8103382118000002e-03         4.7604754620000000e-03         6.8125873010000000e-04        -2.2565703058999999e-02         1.4612179879000000e-03         4.2630211291000002e-04
27                                     3.5575471917000002e-05         5.0887665111999997e-05         9.7345922118000003e-06         1.1505430096000000e-04         3.7517383747999998e-05        -3.5831082935000003e-05         1.2307564277000000e-06        -2.4967853513999999e-05
28                                     1.6896713930000000e-05         3.8302519785000001e-05        -1.2751352101000000e-05         4.7908012384999997e-05         7.2557393973000006e-05        -2.9168308252999998e-05        -8.8125232805999996e-08        -2.6059828153999999e-05
29                                     3.3032550392000000e-05        -4.3546328954999999e-05        -1.7265985661000002e-05        -1.4366688614000000e-06         3.8107703115999999e-05         5.3109060578000003e-05         3.2304052794000001e-06         2.6705373329000000e-05
30                                    -4.4236811676000000e-05        -8.0102473425000001e-06         4.1905856115999998e-05        -1.2785141601000000e-04        -1.0771339629999999e-04        -8.4209687216000007e-06         8.5079171867000005e-06         2.3854278767999999e-05
31                                    -4.9186978009999998e-05         3.1260815317999999e-05         2.6007876583000001e-05         4.5762366682999997e-05        -2.7578022045000000e-05        -5.8069218944999997e-05         6.0710418540000004e-06        -6.3593269205999997e-06
32                                     3.8562593514999999e-05        -4.5534851317000000e-06         2.3598724417999999e-05         1.2136535196000001e-05        -3.4670081168000000e-06         2.8821275942000001e-05        -1.4943395431000001e-05         1.9114093012999999e-05
33                                     1.2658939492999999e-05        -1.5655753289000000e-05         5.8106743252000001e-05         8.6763959679999994e-06        -3.6791645758000000e-06        -2.2668411371999999e-05         2.4934628327000001e-06        -1.5493694673999999e-06
34                                    -7.5515120857000000e-06        -5.9942020301000000e-05         1.3959491135000000e-05        -5.3512528418999997e-07        -4.0179859927999999e-05        -3.0297335862000000e-05         7.8701039274000001e-06         3.4772262707000000e-06
35                                    -2.9381829887000000e-05         3.4705955577000002e-05        -1.7045065677999999e-06        -3.4351314902000002e-06         2.0929398059000000e-05         2.4310576968000001e-05        -2.5253683297000001e-06        -4.3207224923000003e-06
36                                     1.3893683833000000e-04         2.9544216231999998e-04        -4.9855338359999996e-04         7.5607336452000002e-04        -9.6208792902999999e-04        -2.9953344636999998e-05         1.3764752524000000e-04        -7.7414287217999995e-05
37                                    -2.5518439176000001e-03        -2.4669137074999998e-03        -8.9440208340999994e-05         2.8212493301000001e-04         1.4610059418999999e-04         5.2607812821000000e-05        -5.1522600836000001e-04        -3.5531794147000001e-04
38                                    -2.5017029950000001e-03        -1.4883581114999999e-03         5.7811681151000003e-05         2.0911896029000000e-04         1.6370795079000000e-04         7.7113273162999993e-06        -3.5173870844999998e-04        -3.5110276852000003e-04
39                                     9.8182291419999998e-02        -1.0906821024000000e-01         4.6773970119999998e-04        -1.5191077510000000e-04         5.1213596519000002e-04         3.0449221966999997e-04         3.7267670391999999e-04        -4.4108382640999999e-04
40                                     1.1919117299000000e-01        -1.0514301733000000e-01         6.6580320720999999e-05        -1.9207091000000001e-03        -2.4924344496000000e-03        -6.0948448245999999e-04        -3.1643554629999998e-04         4.3092754999999997e-04
41                                    -1.0514301733000000e-01         1.4764779742000000e-01         2.2219431945000000e-04        -2.5023820000000000e-03        -9.1026780001999999e-04         7.4576472735000000e-04         4.9842405483999997e-04        -4.7281837741000002e-04
42                                     6.6580320720999999e-05         2.2219431945000000e-04         3.4923005780999999e-01        -1.8661491145999999e-02         4.6939182895999999e-02         7.5179283307999999e-04         3.4177044669000001e-04         9.7330107363000002e-06
43                                    -1.9207091000000001e-03        -2.5023820000000000e-03        -1.8661491145999999e-02         3.8613893236000001e-02        -1.8550180342000001e-02         5.4063448653000000e-04        -2.0245012959000000e-03        -2.4487506337999999e-03
44                                    -2.4924344496000000e-03        -9.1026780001999999e-04         4.6939182895999999e-02        -1.8550180342000001e-02         5.0724819805000002e-02        -2.9257410949000000e-04        -2.4841971425000001e-03        -1.0350609579000000e-03
45                                    -6.0948448245999999e-04         7.4576472735000000e-04         7.5179283307999999e-04         5.4063448653000000e-04        -2.9257410949000000e-04         9.1893113594000000e-02        -5.8977947904000003e-02         7.7519449194000001e-02
46                                    -3.1643554629999998e-04         4.9842405483999997e-04         3.4177044669000001e-04        -2.0245012959000000e-03        -2.4841971425000001e-03        -5.8977947904000003e-02         1.3946401449000001e-01        -1.4306880417000001e-01
47                                     4.3092754999999997e-04        -4.7281837741000002e-04         9.7330107363000002e-06        -2.4487506337999999e-03        -1.0350609579000000e-03         7.7519449194000001e-02        -1.4306880417000001e-01         2.0850408244999999e-01
48                                     9.7984917431000000e-05        -8.7770946628999995e-05        -2.1359728229999999e-04        -7.8410618336000005e-04         9.1539377359000002e-04         1.7313541296000001e-03        -1.1730719712000000e-04         4.1710551843000002e-04
49                                    -1.0013322847000001e-03        -4.4615461282000002e-04        -3.5505603814000000e-05         2.7203656250000000e-04         1.7303079093000000e-04         1.8492986759000000e-04        -2.9657440154000000e-03        -2.4559247044000001e-03
50                                    -3.7543963395000001e-04        -8.2827436973999995e-04        -8.7714937372000002e-05         8.3879301794000002e-05         2.0582727380000001e-04         1.4240261929000000e-04        -2.3376728571000002e-03        -1.8155547336000000e-03
                                                        48                          49                          50

0                                     -5.6523926657999998e-04        -2.8415354544000001e-04         5.0148798059999997e-04
1                                     -6.9381921463999998e-05        -9.1826739094000005e-04        -3.8376599049000002e-04
2                                     -1.3783396964999999e-04        -6.6423609188999996e-04        -1.6215168396999999e-04
3                                     -5.0877743334999995e-04        -2.6095244378999998e-04         1.5584959777000000e-03
4                                      9.5820511350999996e-04         7.4911042723999999e-04         1.6430308957999999e-03
5                                     -7.8737801563999997e-04         1.7490030708000000e-03         1.5959230659000000e-03
6                                      7.0871554950000003e-04         2.9688470795000001e-05        -5.8717376264999998e-04
7                                     -3.0752850054000002e-04        -1.0210811773000001e-03        -5.9006867722999996e-04
8                                      3.0617515288999998e-04        -1.3676147205000000e-03        -1.7802396451000000e-03
9                                      1.1696684057999999e-02        -1.1806533673999999e-02         1.4778363308000000e-02
10                                     5.5751320006000001e-03        -5.9706515405000002e-03         8.9688328396000001e-03
11                                    -6.3955211870000001e-03         7.7985598295000000e-03        -9.7025342866999993e-03
12                                    -1.0091461472999999e-03         2.2861578620000001e-03        -3.5603982248000000e-03
13                                     1.4807807039999999e-03         2.6757740828000001e-03         4.3863256594999997e-03
14                                    -2.2914252828000001e-03         4.6543547969000003e-03         4.5239355649000001e-04
15                                    -2.6041143727999999e-03         6.3734516358000001e-04        -1.4884431002000001e-03
16                                     5.3348337291999996e-04        -3.8941297489000000e-04        -1.4178365388000001e-04
17                                    -6.4664727263999996e-04        -2.1957773705999999e-04        -6.5299697391999997e-04
18                                    -3.7567899879000000e-03         8.1613282277000004e-04        -1.5583015603000000e-03
19                                     1.2143972373000001e-03         5.4890946007999999e-03         2.2130610725999999e-03
20                                    -2.1577606888000000e-03         2.4459932224999998e-03         4.6243481498999999e-03
21                                    -1.4719241026000000e-02         2.0053785247999998e-03        -4.2016020728000000e-03
22                                    -1.6747592881000001e-02         4.4688410695999997e-03        -2.5029507420999998e-03
23                                     1.9458856056999999e-02        -1.3254683999000001e-03         6.0608743594000002e-03
24                                    -1.6657195649000001e-01        -8.9659744744000000e-02         1.0449769816000000e-01
25                                    -8.8734955618000003e-02        -1.1558405375000000e-01         9.8079478240000004e-02
26                                     1.0272738749000000e-01         9.8000351277000006e-02        -1.4774888193999999e-01
27                                    -3.4338313064000001e-04         7.4858854609000005e-04         2.7483087748000001e-04
28                                    -1.0478528421000000e-04         3.1468708572999999e-04         1.5342973086000000e-04
29                                     4.4883506486000002e-05         1.9826823141000000e-04        -1.7696047957999999e-04
30                                    -8.0821279520999995e-04        -7.0091511185000005e-04        -9.1149192439999996e-04
31                                    -1.4111718955000000e-04        -1.1993143201000000e-06        -4.6081055417999999e-04
32                                    -2.0641460148000001e-04         2.1356518539000001e-05         4.4320850397000000e-05
33                                    -7.9334604394000000e-05        -1.4059439678000001e-04         3.0993836470000000e-06
34                                     1.8172537883999999e-04         5.0498754796999998e-05        -4.6050938503000002e-04
35                                    -1.9887057266999999e-04        -3.6148628921000003e-04        -6.0848416931000003e-05
36                                     1.2121711671000000e-03        -6.0493832464999999e-04         1.1254607485999999e-03
37                                     9.0339198782000006e-05        -6.8047124212999995e-04         2.4391224318000000e-04
38                                    -1.8904522499000001e-04         3.1849274471000002e-04        -3.7957854333999999e-04
39                                     5.2820250719000004e-04        -8.9610568875999995e-05         2.8441934215000001e-04
40                                     9.7984917431000000e-05        -1.0013322847000001e-03        -3.7543963395000001e-04
41                                    -8.7770946628999995e-05        -4.4615461282000002e-04        -8.2827436973999995e-04
42                                    -2.1359728229999999e-04        -3.5505603814000000e-05        -8.7714937372000002e-05
43                                    -7.8410618336000005e-04         2.7203656250000000e-04         8.3879301794000002e-05
44                                     9.1539377359000002e-04         1.7303079093000000e-04         2.0582727380000001e-04
45                                     1.7313541296000001e-03         1.8492986759000000e-04         1.4240261929000000e-04
46                                    -1.1730719712000000e-04        -2.9657440154000000e-03        -2.3376728571000002e-03
47                                     4.1710551843000002e-04        -2.4559247044000001e-03        -1.8155547336000000e-03
48                                     1.7530266513000001e-01         9.6874727004000002e-02        -1.1077113328000000e-01
49                                     9.6874727004000002e-02         1.1451217111000001e-01        -1.0851894820999999e-01
50                                    -1.1077113328000000e-01        -1.0851894820999999e-01         1.5032433381999999e-01
   &MODES [&Type "ArrayOfDoubles", &Dim (51,51)] "The modes of vibrations"
                                                         0                           1                           2                           3                           4                           5                           6                           7

0                                      0.0000000000000000e+00         0.0000000000000000e+00         0.0000000000000000e+00         0.0000000000000000e+00         0.0000000000000000e+00         0.0000000000000000e+00         2.2506842308000000e-02        -2.0805392042000000e-02
1                                      0.0000000000000000e+00         0.0000000000000000e+00         0.0000000000000000e+00         0.0000000000000000e+00         0.0000000000000000e+00         0.0000000000000000e+00        -2.5209043310000001e-01        -5.2235662064000002e-02
2                                      0.0000000000000000e+00         0.0000000000000000e+00         0.0000000000000000e+00         0.0000000000000000e+00         0.0000000000000000e+00         0.0000000000000000e+00        -2.0878907758000001e-01        -7.1469131763999993e-02
3                                      0.0000000000000000e+00         0.0000000000000000e+00         0.0000000000000000e+00         0.0000000000000000e+00         0.0000000000000000e+00         0.0000000000000000e+00        -2.9325400203000000e-02        -2.3360635096000000e-03
4                                      0.0000000000000000e+00         0.0000000000000000e+00         0.0000000000000000e+00         0.0000000000000000e+00         0.0000000000000000e+00         0.0000000000000000e+00         3.7641408614999999e-01         1.2083549806000000e-02
5                                      0.0000000000000000e+00         0.0000000000000000e+00         0.0000000000000000e+00         0.0000000000000000e+00         0.0000000000000000e+00         0.0000000000000000e+00         3.2838081796000002e-01         1.5942044275000001e-02
6                                      0.0000000000000000e+00         0.0000000000000000e+00         0.0000000000000000e+00         0.0000000000000000e+00         0.0000000000000000e+00         0.0000000000000000e+00         2.5852245296000002e-02         7.6193998489000004e-03
7                                      0.0000000000000000e+00         0.0000000000000000e+00         0.0000000000000000e+00         0.0000000000000000e+00         0.0000000000000000e+00         0.0000000000000000e+00        -2.9329557315999999e-01         4.8742572876999998e-02
8                                      0.0000000000000000e+00         0.0000000000000000e+00         0.0000000000000000e+00         0.0000000000000000e+00         0.0000000000000000e+00         0.0000000000000000e+00        -2.5768052767999999e-01         4.3863074451000003e-02
9                                      0.0000000000000000e+00         0.0000000000000000e+00         0.0000000000000000e+00         0.0000000000000000e+00         0.0000000000000000e+00         0.0000000000000000e+00         1.5193195171000000e-02        -9.0924314868999999e-04
10                                     0.0000000000000000e+00         0.0000000000000000e+00         0.0000000000000000e+00         0.0000000000000000e+00         0.0000000000000000e+00         0.0000000000000000e+00        -2.0907727588000000e-01         1.6560932043999999e-03
11                                     0.0000000000000000e+00         0.0000000000000000e+00         0.0000000000000000e+00         0.0000000000000000e+00         0.0000000000000000e+00         0.0000000000000000e+00        -1.8081492066999999e-01         1.7553791645000000e-02
12                                     0.0000000000000000e+00         0.0000000000000000e+00         0.0000000000000000e+00         0.0000000000000000e+00         0.0000000000000000e+00         0.0000000000000000e+00         5.7938704334000004e-03        -5.8658593371999999e-03
13                                     0.0000000000000000e+00         0.0000000000000000e+00         0.0000000000000000e+00         0.0000000000000000e+00         0.0000000000000000e+00         0.0000000000000000e+00        -6.2933193833000001e-02        -2.9976776840999999e-02
14                                     0.0000000000000000e+00         0.0000000000000000e+00         0.0000000000000000e+00         0.0000000000000000e+00         0.0000000000000000e+00         0.0000000000000000e+00        -5.6806056959999997e-02        -1.6814577038999998e-02
15                                     0.0000000000000000e+00         0.0000000000000000e+00         0.0000000000000000e+00         0.0000000000000000e+00         0.0000000000000000e+00         0.0000000000000000e+00         1.4642962816000000e-03        -2.9371766046999998e-03
16                                     0.0000000000000000e+00         0.0000000000000000e+00         0.0000000000000000e+00         0.0000000000000000e+00         0.0000000000000000e+00         0.0000000000000000e+00         4.2342019357999999e-03        -3.6956180071000003e-02
17                                     0.0000000000000000e+00         0.0000000000000000e+00         0.0000000000000000e+00         0.0000000000000000e+00         0.0000000000000000e+00         0.0000000000000000e+00         3.1791992577999998e-03        -3.6297590875000001e-02
18                                     0.0000000000000000e+00         0.0000000000000000e+00         0.0000000000000000e+00         0.0000000000000000e+00         0.0000000000000000e+00         0.0000000000000000e+00        -1.2493598349999999e-03         6.0034159974000001e-03
19                                     0.0000000000000000e+00         0.0000000000000000e+00         0.0000000000000000e+00         0.0000000000000000e+00         0.0000000000000000e+00         0.0000000000000000e+00         1.0753611805000000e-02        -1.5488165610000000e-02
20                                     0.0000000000000000e+00         0.0000000000000000e+00         0.0000000000000000e+00         0.0000000000000000e+00         0.0000000000000000e+00         0.0000000000000000e+00         8.5518275329999997e-03        -2.4274666737000000e-02
21                                     0.0000000000000000e+00         0.0000000000000000e+00         0.0000000000000000e+00         0.0000000000000000e+00         0.0000000000000000e+00         0.0000000000000000e+00        -3.7636754154000002e-03         1.1559356602000000e-02
22                                     0.0000000000000000e+00         0.0000000000000000e+00         0.0000000000000000e+00         0.0000000000000000e+00         0.0000000000000000e+00         0.0000000000000000e+00         1.4745439015000000e-02         2.2651043034000000e-02
23                                     0.0000000000000000e+00         0.0000000000000000e+00         0.0000000000000000e+00         0.0000000000000000e+00         0.0000000000000000e+00         0.0000000000000000e+00         1.1234246496000000e-02         1.4989794678000001e-02
24                                     0.0000000000000000e+00         0.0000000000000000e+00         0.0000000000000000e+00         0.0000000000000000e+00         0.0000000000000000e+00         0.0000000000000000e+00         1.5219244994000001e-03         8.7451954116999995e-03
25                                     0.0000000000000000e+00         0.0000000000000000e+00         0.0000000000000000e+00         0.0000000000000000e+00         0.0000000000000000e+00         0.0000000000000000e+00        -5.6827922981999998e-02         3.7555983245999999e-02
26                                     0.0000000000000000e+00         0.0000000000000000e+00         0.0000000000000000e+00         0.0000000000000000e+00         0.0000000000000000e+00         0.0000000000000000e+00        -5.2788522131999999e-02         4.0994129715000001e-02
27                                     0.0000000000000000e+00         0.0000000000000000e+00         0.0000000000000000e+00         0.0000000000000000e+00         0.0000000000000000e+00         0.0000000000000000e+00         1.5636768289000000e-01        -4.7966725314000003e-01
28                                     0.0000000000000000e+00         0.0000000000000000e+00         0.0000000000000000e+00         0.0000000000000000e+00         0.0000000000000000e+00         0.0000000000000000e+00        -3.1405534474000002e-01         1.5804193363999999e-01
29                                     0.0000000000000000e+00         0.0000000000000000e+00         0.0000000000000000e+00         0.0000000000000000e+00         0.0000000000000000e+00         0.0000000000000000e+00        -1.8220626513999999e-01        -1.9647149255999999e-01
30                                     0.0000000000000000e+00         0.0000000000000000e+00         0.0000000000000000e+00         0.0000000000000000e+00         0.0000000000000000e+00         0.0000000000000000e+00        -1.0641378215000000e-01         3.4728137851000002e-01
31                                     0.0000000000000000e+00         0.0000000000000000e+00         0.0000000000000000e+00         0.0000000000000000e+00         0.0000000000000000e+00         0.0000000000000000e+00        -3.0130238947999999e-01         7.4742655485999995e-02
32                                     0.0000000000000000e+00         0.0000000000000000e+00         0.0000000000000000e+00         0.0000000000000000e+00         0.0000000000000000e+00         0.0000000000000000e+00        -2.9761955671000001e-01         2.8661395802000000e-01
33                                     0.0000000000000000e+00         0.0000000000000000e+00         0.0000000000000000e+00         0.0000000000000000e+00         0.0000000000000000e+00         0.0000000000000000e+00        -1.4097373083000001e-02         1.1789005547000000e-01
34                                     0.0000000000000000e+00         0.0000000000000000e+00         0.0000000000000000e+00         0.0000000000000000e+00         0.0000000000000000e+00         0.0000000000000000e+00        -5.1199079674000003e-02        -5.3023160375000000e-01
35                                     0.0000000000000000e+00         0.0000000000000000e+00         0.0000000000000000e+00         0.0000000000000000e+00         0.0000000000000000e+00         0.0000000000000000e+00        -1.1415523963000000e-01        -3.8680367990999998e-01
36                                     0.0000000000000000e+00         0.0000000000000000e+00         0.0000000000000000e+00         0.0000000000000000e+00         0.0000000000000000e+00         0.0000000000000000e+00         7.5293919271999998e-03        -1.2862244583000001e-02
37                                     0.0000000000000000e+00         0.0000000000000000e+00         0.0000000000000000e+00         0.0000000000000000e+00         0.0000000000000000e+00         0.0000000000000000e+00        -7.9562953199999994e-02        -4.6929257326000000e-02
38                                     0.0000000000000000e+00         0.0000000000000000e+00         0.0000000000000000e+00         0.0000000000000000e+00         0.0000000000000000e+00         0.0000000000000000e+00        -7.0549180039000001e-02        -2.6980926153000000e-02
39                                     0.0000000000000000e+00         0.0000000000000000e+00         0.0000000000000000e+00         0.0000000000000000e+00         0.0000000000000000e+00         0.0000000000000000e+00         1.3306235024000000e-03        -8.7113541121000004e-03
40                                     0.0000000000000000e+00         0.0000000000000000e+00         0.0000000000000000e+00         0.0000000000000000e+00         0.0000000000000000e+00         0.0000000000000000e+00         3.0265830072999999e-02        -5.8401731077000002e-02
41                                     0.0000000000000000e+00         0.0000000000000000e+00         0.0000000000000000e+00         0.0000000000000000e+00         0.0000000000000000e+00         0.0000000000000000e+00         2.6206562409999998e-02        -6.1293052984000000e-02
42                                     0.0000000000000000e+00         0.0000000000000000e+00         0.0000000000000000e+00         0.0000000000000000e+00         0.0000000000000000e+00         0.0000000000000000e+00        -2.5805724523000001e-03         7.9651933213999992e-03
43                                     0.0000000000000000e+00         0.0000000000000000e+00         0.0000000000000000e+00         0.0000000000000000e+00         0.0000000000000000e+00         0.0000000000000000e+00         2.4894813314000001e-02        -2.1687496949000001e-02
44                                     0.0000000000000000e+00         0.0000000000000000e+00         0.0000000000000000e+00         0.0000000000000000e+00         0.0000000000000000e+00         0.0000000000000000e+00         2.2532605054999998e-02        -3.9956681212000002e-02
45                                     0.0000000000000000e+00         0.0000000000000000e+00         0.0000000000000000e+00         0.0000000000000000e+00         0.0000000000000000e+00         0.0000000000000000e+00        -7.4361564209999998e-03         1.7541530961000001e-02
46                                     0.0000000000000000e+00         0.0000000000000000e+00         0.0000000000000000e+00         0.0000000000000000e+00         0.0000000000000000e+00         0.0000000000000000e+00         3.9458693194999998e-02         4.8492372718999997e-02
47                                     0.0000000000000000e+00         0.0000000000000000e+00         0.0000000000000000e+00         0.0000000000000000e+00         0.0000000000000000e+00         0.0000000000000000e+00         3.2415254928000001e-02         3.2427488494999997e-02
48                                     0.0000000000000000e+00         0.0000000000000000e+00         0.0000000000000000e+00         0.0000000000000000e+00         0.0000000000000000e+00         0.0000000000000000e+00        -6.4250139641999996e-03         1.4088648060000000e-02
49                                     0.0000000000000000e+00         0.0000000000000000e+00         0.0000000000000000e+00         0.0000000000000000e+00         0.0000000000000000e+00         0.0000000000000000e+00        -9.7497286894000001e-02         8.5391461860999995e-02
50                                     0.0000000000000000e+00         0.0000000000000000e+00         0.0000000000000000e+00         0.0000000000000000e+00         0.0000000000000000e+00         0.0000000000000000e+00        -9.6405972997999995e-02         8.6690812564000005e-02
                                                         8                           9                          10                          11                          12                          13                          14                          15

0                                     -6.1687513889999997e-02         2.3962992849000000e-01         3.0548823847000001e-02         2.2816386914000000e-01         1.5015388133999999e-01        -1.7869160375000001e-01         3.1971344326000000e-04        -1.0155792859000000e-03
1                                      1.5047265550000000e-01        -5.7819458933000001e-02         7.4763395375000000e-02        -9.7590284136999994e-02         6.4010573808999993e-02        -1.8231060516000000e-01        -1.1246066762000000e-02        -2.7547930012999999e-02
2                                      9.5054356578999993e-02         1.0271712394000000e-01         8.2486451991000007e-02         1.4470706854000001e-01        -6.3532135783000002e-02         1.9355603812000000e-01        -6.6063764392999998e-04        -1.4972519387000000e-02
3                                     -3.7474415019000002e-04         1.0586877055000000e-03         1.0663669499999999e-03        -7.9998124805999993e-03        -3.5453722554999997e-02        -2.7154725948000003e-01        -3.0918344937000001e-03        -5.4551951000999998e-03
4                                     -3.3613251150999999e-03         4.7136691506999999e-02         1.3251769437000000e-02         9.8654926117999996e-03         1.0233459282000000e-01         2.5220277406000002e-03         3.0377139083999998e-03         1.8676881411000001e-02
5                                      1.1048355467999999e-02        -4.5021755296999998e-02        -7.7287848320000000e-03        -1.1053038592000001e-02        -1.1915176081999999e-01        -2.8618656903999999e-02         4.0318949301999998e-03         1.9482214434000000e-02
6                                      4.3552514317000003e-02        -2.2545142037999999e-01        -7.2763149887000000e-02         3.0940366389000001e-01        -1.9682429034000001e-01         8.1554499741000000e-02         3.4486200553000002e-03         6.1420319668000004e-03
7                                     -1.2387741670999999e-01        -6.5688011362000004e-02         1.0358889490000001e-01         1.0683280368000000e-01         7.3056892270000007e-02         1.4216134476000000e-01        -2.5989750144000002e-03        -2.9704230266000001e-02
8                                     -1.1016513016000000e-01        -2.6779538964000000e-02         1.0315216198000000e-01        -8.6311285705999996e-02        -1.1345090242000000e-01        -1.5068734831000000e-01        -6.4630219598000001e-03        -2.8738194408000000e-02
9                                     -1.4824602927000000e-03         9.2206857229999994e-03         1.9215535188000000e-02        -7.7923404515000003e-02        -4.5472999570999997e-02        -3.2294951916000000e-02        -4.5328341992999996e-03        -1.6683412437000000e-02
10                                    -1.3366374850000000e-02         1.1780321617000000e-01        -1.8299161017999999e-01        -3.0907998632000000e-02        -1.4359833531999999e-01         2.7392136559999999e-02         5.8834658126999999e-02         2.5193843900000001e-01
11                                     1.8535914537000001e-02        -5.9016524169000002e-02        -1.8800651509999999e-01         1.0697658107000000e-02         1.7936891332999999e-01        -5.0841527738999998e-02         4.2782002585999998e-02         2.0094862185000001e-01
12                                    -2.2196055603999999e-02         9.5518476551000001e-02         4.0334538545999998e-02        -1.2621447123999999e-01        -9.9640813856000002e-02         1.3074568838000000e-01        -7.5363580409000003e-03         9.2164644249999993e-03
13                                     8.3711227799000004e-02         8.6556474090999994e-02        -1.7489323247999999e-01        -1.3355252977000000e-02        -1.4139901757000001e-01        -2.3592958088000000e-02         1.5013272422999999e-01        -9.3769589831000005e-02
14                                     8.1193938625000003e-02         8.8099726897999994e-03        -1.5732082491999999e-01        -1.1741487142000000e-02         1.5915439982999999e-01         4.0332934866000002e-02         1.2016168402999999e-01        -7.8990415713000001e-02
15                                    -1.8627439528999999e-02         8.1624294449000004e-02         2.3636059511000000e-02        -1.3335423420000000e-01        -8.4314447062999995e-02         1.6990682392000001e-01         1.2426833090999999e-02         7.2231686961000000e-03
16                                     9.7089051775999996e-02        -3.4291307248000003e-02         2.2520048526000001e-02         1.7484367614000001e-02        -1.9928713353000001e-02        -3.5673586403000002e-02        -1.8164666023000001e-01        -6.2130831033000003e-02
17                                     6.3950783432999994e-02         6.5281190813999995e-02         4.1860648143000001e-02        -2.5020561061999999e-02         8.5968318706999992e-03         7.2610354974999999e-02        -1.4596050347000000e-01        -5.0606767370000000e-02
18                                     6.9161315349000000e-03        -1.5488582631000000e-02        -8.9628046898999995e-03        -1.2647648749000001e-01         7.5399448393000001e-02         2.2819855447000001e-01         5.0742862470999997e-04        -6.7885707556999998e-03
19                                     1.3163617156000000e-02        -1.1671967427000000e-01         1.8531635671999999e-01         2.4629880757999999e-02         3.6911121307999999e-02        -3.0794300414000001e-02         2.8717681617000002e-02         1.5532180407999999e-01
20                                    -1.5062033513000001e-02         4.8228486794999997e-02         1.8612420886000000e-01        -2.2018019188999999e-02        -2.9734108767000000e-02         4.2516938566000001e-02         2.6341910576000001e-02         1.2869309857000000e-01
21                                     2.8545486331999999e-02        -1.0337234698000000e-01        -2.1374235666000000e-02        -9.2159581347999994e-02         1.7684428021000001e-01         1.3538092656000000e-01        -9.1381599524000007e-03         8.2247437279000003e-03
22                                    -8.9591272122000007e-02        -6.1083387934999997e-02         3.6830195750000003e-02        -2.7451477614000002e-03        -1.5945939281999999e-02         2.3923957581000001e-02         1.4434801455999999e-01        -1.3312030186000001e-01
23                                    -8.2079340148999994e-02        -1.1699719759000000e-03         4.0828402793999997e-02        -9.1647442399999998e-03         3.3639663139999998e-02        -1.9266697116999999e-02         1.1635672294000000e-01        -1.1040938103000000e-01
24                                     2.5179482308000000e-02        -8.2701162389999999e-02        -2.3536074085999999e-03        -9.1311613053999999e-02         1.1309876940999999e-01         1.1661445444000000e-01         1.0092517347000000e-02         9.4063054078000002e-04
25                                    -1.0508794532000000e-01         6.5086019852999999e-02        -1.6221301052000001e-01        -3.0028433712000001e-02        -1.3747028952000001e-01         7.5172024673000007e-02        -1.6683945057999999e-01        -9.0720939567000003e-03
26                                    -6.5970191152999999e-02        -5.2117836596999999e-02        -1.6021102365000001e-01         9.3203494901000009e-03         1.6421976715000000e-01        -6.9883913997000002e-02        -1.4107782570999999e-01        -1.2914729476000000e-02
27                                    -3.4602646891000000e-01         1.7431453692000001e-01        -4.7981828466999998e-02         3.3654087031000002e-01         2.9687200806000003e-01        -1.5063388867000000e-02        -1.9656745071999999e-02        -4.7754082105999997e-02
28                                     4.5056320662999999e-01         4.6006415787000002e-02         2.2094752579999999e-01        -7.8196247819000003e-02         2.6141388283999999e-02        -1.6559979351000001e-01        -1.2518115805000000e-02        -1.1219905992000000e-01
29                                    -4.8645810342000002e-02         5.6000608102999998e-02         1.8381018669999999e-02         1.4880919721999999e-01        -3.3394842911999997e-02         1.9974770872000000e-01        -1.8924264057999999e-03         1.3817542158999999e-02
30                                     1.2352157103000000e-01         5.0268444949000002e-01         1.3773015941000000e-01         4.7655369199999997e-01         2.9045196879000001e-01         2.5048388769000000e-02         9.5725071560000003e-03         2.2974679939999999e-02
31                                     2.1715674936000001e-01         3.1195552323999998e-02         1.1355058361000001e-01        -1.7002794311000002e-02         1.0776365743000001e-01        -1.1449302507000000e-01        -8.0098897644000008e-03        -2.1166844069000001e-02
32                                     4.9092843672000003e-01         2.2862337768999999e-01         2.5662765575000002e-01         1.2934446799999999e-01        -1.2921151904000000e-01         1.2416580880000000e-01         1.7928968549000000e-03        -9.0933250519000003e-02
33                                     3.6718820303999998e-02         2.0563276571000000e-01         4.4303580623000001e-02         1.0670514533000000e-01         3.2134039442000002e-02        -2.8467595006000002e-01         9.3841737805000006e-03         1.7129939492999999e-02
34                                    -1.9679105343000000e-01        -3.7446555331999998e-01        -1.1325083364000001e-01        -3.6427823886999999e-01        -7.3931766326000001e-02        -3.4439848735000000e-01        -2.8395455827999998e-02        -1.1955985298000000e-02
35                                    -1.3038948445000001e-01         1.2656848904000001e-01         3.3240459474999998e-02         3.3636279247000000e-01         1.3990768107000001e-01         3.6910554311999999e-01        -1.9963167160999998e-02        -4.7124376422000000e-02
36                                    -4.2635487868999997e-02         1.9354752967000000e-01         7.1841820336000006e-02        -1.7531767374000001e-01        -1.9835796287999999e-01         2.6271867870999999e-01        -9.9388589866999996e-03         3.1382655890999998e-02
37                                     1.3961671204000001e-01         1.4005867713000000e-01        -2.3377984592000001e-01        -3.0333513932000001e-02        -1.7231741241000001e-01         2.2082612836000000e-02         2.5316920437000001e-01        -3.6189547073000000e-01
38                                     1.3562401290000001e-01         1.1400359879000000e-03        -2.1934793844000000e-01         1.6895105429000001e-03         1.8065036463000000e-01         7.7312304914000001e-03         2.0309399922999999e-01        -3.0035570771999998e-01
39                                    -3.6975949703000000e-02         1.5335577147000001e-01         3.6537329899000000e-02        -1.3984966261000001e-01        -2.1251059853000001e-01         1.3521227825000001e-01         2.8459669223000000e-02         1.9249536873999998e-02
40                                     1.7057962029000001e-01        -6.6627122114000001e-02         7.5293534349999997e-02         2.6507558660999998e-02         3.3053732276000003e-02        -6.4894087038000004e-03        -4.2471424687999998e-01        -2.3569297421999999e-01
41                                     1.0934342571000000e-01         1.1246847248000000e-01         1.0200053721000001e-01        -2.3301782327999999e-02        -7.8485650689000000e-02         5.8680146911999999e-02        -3.4378399869999998e-01        -1.9114330765000001e-01
42                                     9.4702006772000007e-03        -2.6388937724000000e-02        -2.5489811623999999e-02        -1.2413287309000000e-01         9.4655186587999998e-02         2.2605363454999999e-01        -7.1374248145000005e-04        -1.3717982953000000e-02
43                                     2.2926444712000001e-02        -2.1501137761000000e-01         3.8935359879999998e-01         4.9371079222999999e-02         1.1930573900999999e-01        -5.1386987409000003e-02         4.2571361899000001e-02         2.6362802262000001e-01
44                                    -2.8046908304000001e-02         7.6113866143999995e-02         3.7834341513000003e-01        -2.6816337134000001e-02        -1.1891907316000000e-01         5.6933643877999998e-02         3.8493636356999997e-02         2.1959160665999999e-01
45                                     4.8824290678000003e-02        -1.9178583025000001e-01        -4.9809667188999998e-02        -5.7768611845999997e-02         2.9307906548000001e-01         3.0160704039000001e-02        -2.2856883670000001e-02         2.0769808096999999e-02
46                                    -1.6359559571999999e-01        -1.1436792587000000e-01         9.5224249420999996e-02         9.1173357875000000e-03         1.2255282599000000e-02        -6.1406171297999996e-04         2.7032510393999998e-01        -3.9231567677000001e-01
47                                    -1.4967593886000000e-01        -1.9670290468999999e-03         9.9832520004999994e-02        -1.6251976937999998e-02         3.6900279233999999e-03         1.1682143173999999e-02         2.2158274344000001e-01        -3.1975864448000002e-01
48                                     4.4328149448000002e-02        -1.4091238452999999e-01        -1.1847147189000000e-02        -8.3199262188000001e-02         2.4660683929999999e-01         1.7255709661999999e-01         2.3861514273000001e-02         1.2669368017999999e-02
49                                    -1.9255226121999999e-01         1.0218229865000000e-01        -2.2189122273000000e-01        -2.5635229767999999e-02        -2.0773236626000000e-01         6.2594713873999994e-02        -4.1352342624999999e-01        -2.2351571112999999e-01
50                                    -1.2141090492000001e-01        -8.5243491174000000e-02        -2.2263535634000001e-01         1.8444803082000000e-02         2.4367732164000000e-01        -1.6764252411000002e-02        -3.3878626278000001e-01        -1.8337118220000001e-01
                                                        16                          17                          18                          19                          20                          21                          22                          23

0                                      2.2521525575999998e-02         2.2036293429000001e-01         1.7968622133999999e-03         1.2685799608000000e-02        -2.1488089547000000e-01         7.9716075117000004e-03        -1.0826861050999999e-02         1.1862707356000000e-01
1                                      2.2529201555000000e-02         1.9528095557000000e-01         6.9906188745999997e-03         1.5930673334999999e-02        -2.1247852787999999e-01        -9.0860062101000001e-04         1.9079613108999999e-02        -5.2621263151999997e-02
2                                     -2.2580223613000001e-02        -1.8705605052999999e-01        -4.4013868502999999e-03        -8.1037667473999996e-03         1.8848688343000000e-01        -2.9935663767000000e-04         2.4033785830000001e-02         4.1756953716000002e-02
3                                     -7.6070671387999996e-03        -8.2031523189999997e-02        -5.2711760668000002e-03        -1.7130838967999999e-02         2.3753707793000001e-01        -2.3183430352000001e-03         4.8804684674000004e-03        -1.1347160851000000e-02
4                                     -1.7239588637000000e-03        -5.6702658124999999e-02        -3.7182270246000002e-03         1.6123430448000001e-03         8.5827176697000004e-02        -2.9195002823999999e-03         3.9614623727000000e-03        -3.1965972824000002e-02
5                                     -1.6360959031999999e-04         5.9060668886999998e-02        -9.0760632760000001e-04         1.0718617720000000e-02        -7.4975497976000005e-02         1.9881142139000002e-03        -8.1302247651000002e-04         3.3836548574000001e-02
6                                     -2.1929444759000000e-03         8.6298813725999998e-02         9.8803218577000009e-04         3.7169385482000001e-03        -4.9940775132000001e-02        -1.2770285154000000e-03        -3.7074037643999999e-04        -3.5573793163000002e-02
7                                      4.8799335345000002e-03        -9.3849415635000003e-02        -3.2449224954000000e-03        -1.3333342834000001e-02         1.6115959637999999e-02         5.2489812043000003e-03        -1.0619691226000001e-02         8.9204443056000005e-02
8                                     -6.3508297133000003e-03         1.0878523677000000e-01         8.2083907502999997e-04        -9.6749144815999992e-03        -2.0146566960000001e-02        -3.8041917306999998e-03        -6.7287993819000001e-03        -9.4369287051999998e-02
9                                      2.6431152012000001e-02        -2.8102157865999999e-01         9.8326090853000005e-03         6.0892517984000001e-03        -1.2491251124000000e-01         3.2740622168000002e-04         1.0655908557000000e-04         2.4103526053999999e-02
10                                     8.6454901185999994e-02         2.3678411444000000e-02        -8.5753947947000003e-02         1.0317337276999999e-01         3.5568061776999997e-02         2.0946042937999999e-03         2.0413484031000000e-02         5.0299444388000004e-03
11                                    -1.0744865493000000e-01        -4.9184364171999999e-02        -6.8161822142999998e-02         8.5820123747000002e-02         7.4498165261000001e-03         1.8579898226999999e-03         1.7208165678000001e-02         6.0859680716000000e-03
12                                    -1.9767304194999999e-01        -6.2490236954000002e-02        -1.6702080029000000e-03         1.1941516579000000e-02        -1.0454993227000001e-01         4.1239825813000003e-03         3.5805070972999998e-03        -4.7883814223000001e-03
13                                     1.5096550335000000e-01        -1.1155676887000000e-01         8.5093525283000002e-02        -5.3378989287000002e-02        -1.0943550577000000e-01        -5.1070192724999998e-02        -7.2928246872999994e-02        -3.2995743974999998e-02
14                                    -1.9826303012999999e-01         1.2796154454000000e-01         6.4639866855999997e-02        -6.2244363660000003e-02         9.8593343245999998e-02        -4.0280655478999998e-02        -5.8981501403000000e-02         2.6985504768000001e-02
15                                    -2.8534924080000001e-01        -3.7866097884000000e-02         1.2004896346000000e-02         1.0110492323999999e-02        -1.4924723468000001e-01         3.8942241296999998e-03        -1.3846964851000000e-03        -7.4565127778000000e-03
16                                    -1.3517326657000001e-01        -1.1294618619000001e-01        -1.2320334389000000e-01         1.6919504386000001e-02        -1.2453130612000000e-01        -4.7976754662000000e-02        -1.9611100053000000e-02        -2.7033222952000001e-03
17                                     1.4367920979000001e-01         1.3574532081999999e-01        -1.0770021833000000e-01        -3.5301988825000002e-03         1.2264122399000001e-01        -4.1325932029000000e-02        -1.3022486559000001e-02         3.9422932267000003e-03
18                                    -2.6251440880000001e-02         2.5015569058999998e-01        -9.5003511773999998e-03        -9.3636039544999997e-03         1.6125187626000001e-01         9.8350706582000000e-05        -2.3113202341000002e-03        -1.1246679389000000e-02
19                                    -8.8791758169999999e-02        -1.8544609617999998e-02         9.1713121928000005e-02        -8.1075717135000003e-02        -2.9442027090999998e-02        -3.3020697127000002e-02         7.3421213395999996e-02         1.3471416250000000e-02
20                                     1.1041369953999999e-01         3.7339728912999998e-02         7.3995811753999996e-02        -6.8012396375999998e-02         2.7671770339999999e-03        -2.6716713560999999e-02         6.0985488567000000e-02         3.5634122580000000e-03
21                                     2.1079240362000001e-01        -9.4353881192999998e-03         8.5398128517999994e-03         3.1520117973000000e-03        -3.1267900103999997e-02        -2.6020159278999999e-03        -2.4721958726000000e-03        -2.9876577450000000e-03
22                                    -1.7372023798000000e-01         1.2746456764000000e-01        -1.3072350608000000e-01        -1.0755392022000000e-02         9.4769398966999999e-02         3.4184226056000001e-02         3.0832703539000000e-02        -3.6130963041999999e-03
23                                     2.2557048312000000e-01        -1.5915857493999999e-01        -1.0083551608999999e-01         1.1207888429000000e-02        -1.4390751884000000e-01         2.8979309443000000e-02         2.1581199873000001e-02        -5.4249831536000003e-03
24                                     2.6638068927000003e-01        -2.1264858889000000e-02        -3.7345867275000002e-03         8.7852538133000001e-03        -2.8998687725999998e-02        -3.1284028083000000e-03         1.3718722458000000e-03         7.0540332330999997e-03
25                                     1.2073791227000000e-01         1.2786348284999999e-01         6.1030186963999998e-02        -1.0289952640000000e-01         6.8952429565000001e-02         7.7626709882000003e-02        -4.9226517695999998e-02         8.0751007188000004e-03
26                                    -1.2164733521000000e-01        -1.6623895621000001e-01         5.5750858628000000e-02        -6.8747031301999995e-02        -1.2196473587999999e-01         6.2006809635000000e-02        -4.1897759785000002e-02        -2.5835116020999999e-02
27                                     2.5735960256000001e-02         1.2109165959000000e-01         1.4211568970000000e-02        -4.6467575178999999e-02        -1.3295177197999999e-01        -4.8076401192999997e-03        -1.2696058465999999e-01        -2.9461673384999998e-01
28                                     1.1186423876000001e-02         9.5898887394999993e-02         1.8676819303000000e-03        -8.8404609741999998e-02        -5.2084515111999997e-02         1.7806674636999999e-02        -2.0063973153000000e-01         1.5106838167000000e-01
29                                    -1.8235419324999998e-02        -1.5088917327000001e-01        -1.2116054496000000e-03         2.8728999463000001e-02         1.2247321603000000e-01        -8.7121590573000004e-03         1.0247913654000000e-01        -7.6009769899999996e-02
30                                     2.1740306516999999e-02         1.5852332904999999e-01         9.2871047928000001e-03         5.5676629993999999e-02        -2.3473213333000001e-01        -2.4339995026000000e-02         1.1201070885000000e-01        -4.9271620165000002e-01
31                                     2.2414783173999999e-02         1.7129861396000001e-01         9.1395964366000008e-03         2.8759296399000000e-02        -2.1283830048999999e-01        -1.1605114705999999e-02         5.9222315992000001e-02        -2.5715312990000000e-01
32                                    -3.1537436797000003e-02        -2.0819785767999999e-01        -9.2210429639000002e-03        -9.8226986842000000e-02         2.5873596860999998e-01         1.8403962526000000e-02        -1.8020212691000001e-01         2.3346280165000000e-01
33                                     1.6928620020000000e-02         2.1291176300000000e-01        -8.3417624734000006e-03         2.5446556652000001e-02        -1.4662087610999999e-01         1.8218599451000000e-02         2.9125553389000001e-02         3.6950935667000001e-01
34                                     2.1245571687000000e-02         1.7846666394999999e-01         1.0000696674000000e-02         9.0045274235000007e-03        -6.2259782346999998e-02         7.7381722722000001e-03        -2.6407687480999999e-02         4.2043722504999997e-01
35                                    -1.2710447680999999e-02        -1.8245177943999999e-01         1.5225376855000000e-02        -3.3167197030999997e-02         9.2942775763999994e-02        -1.9669874630999999e-02        -5.4910237159000001e-02        -3.7483851272000002e-01
36                                    -5.1590416189000003e-02         1.8029581595999999e-01        -2.8342634025000001e-02        -1.3047585133000000e-02         3.9388535974000001e-02        -2.4160696664999998e-02        -3.3326436996999997e-02        -4.8735310455000000e-02
37                                     1.9274155681999999e-01        -3.3939390409000000e-02         3.7078745830999998e-01         1.0545746774000000e-01        -1.8406753997999999e-03         3.4403254326999999e-01         4.5747221003999999e-01        -1.9653937345999999e-03
38                                    -2.3848736368000001e-01         7.2359090242999996e-02         3.0171390254000002e-01         7.3611327997000001e-02         1.2078151447000000e-01         2.8494867899999998e-01         3.7598158913000002e-01         7.5550788171000000e-02
39                                    -1.5281514671999999e-01        -2.4569163884000000e-01         1.0691313040999999e-02         6.9795613538000002e-03        -3.7051987214999998e-01        -2.0682182574000001e-02        -1.0620855502000001e-02        -2.9241060877999998e-02
40                                    -2.0241738364000000e-01        -1.8125929788000001e-03        -1.2343778125000000e-02         3.6448967256999998e-01         1.0837938224000000e-01         3.7210122084000002e-01         9.1920953279000003e-02        -6.4271699111000005e-04
41                                     2.2725994888000001e-01         1.2437328087000000e-02        -1.1451320235000000e-02         2.9967828645000000e-01         9.8339919058000005e-02         3.0315978144000000e-01         7.5633589742999996e-02        -1.5504546744000000e-02
42                                     4.2363074458000000e-02         2.4497568197000000e-01        -3.2953441887000001e-02        -3.6713394624000001e-02         1.5646607705999999e-01        -1.4675956453999999e-02         2.8521214100000001e-02        -6.4468936957999996e-03
43                                     1.7350737753000001e-01        -1.7887964765999999e-02         4.7326650032000001e-01         3.6311676986000002e-01         1.9857292770000001e-01         2.0360901115999999e-01        -4.2999335131999999e-01        -4.5136822926999998e-02
44                                    -2.1540008613000000e-01         6.6232831972000000e-02         3.8864058911999999e-01         2.9879217593000001e-01         1.1528051994999999e-01         1.6907533973000000e-01        -3.5225754213999999e-01        -5.2938355217999999e-02
45                                     5.5546522716000003e-02        -2.8166365648000002e-01         6.4892771426000003e-03        -6.7200363567999997e-03        -2.6283946525000002e-01         1.1573301314000001e-02         8.1313348993999994e-03        -1.2237092757999999e-02
46                                    -2.2094496299999999e-01         7.4545521387000005e-02         2.7479126677999999e-02         4.4257940327000000e-01         1.9446945937999999e-01        -1.9975541454000001e-01        -1.9616372259000001e-01         1.8289115001999999e-02
47                                     2.6099830238999999e-01        -7.5052414942999995e-02         2.4278759266000000e-02         3.7162994753000000e-01         3.9488837143000000e-02        -1.6132419285999999e-01        -1.6154028337000001e-01         1.4733024878000000e-02
48                                     1.1804103570000000e-01         1.5252083046000001e-01        -2.4843009574000000e-02        -1.6442523819999999e-02         5.9196235928000003e-02         2.5558986018000000e-02        -1.3995441742000000e-02        -2.9252257654000000e-02
49                                     1.8218327253000000e-01         7.1091122482999994e-02         4.1980807354999999e-01         2.7092433072000000e-01         1.3787309898000000e-01        -4.9714240509000002e-01         2.6354176180000000e-01         9.4716142140000001e-02
50                                    -2.2006656553000001e-01        -3.4415528724999998e-02         3.4110070305000001e-01         2.2533907884000001e-01         2.0558824143999999e-02        -4.0072233821999997e-01         2.0942686593000001e-01         8.6043590682000001e-03
                                                        24                          25                          26                          27                          28                          29                          30                          31

0                                     -1.1727006440000001e-03         5.2071033119999999e-03         2.8178781045999999e-02        -1.5302187660000000e-03        -5.0579588204999998e-02        -1.3382739406000000e-02        -5.3334548109000004e-03         5.1592081432000003e-02
1                                     -5.8154745930000001e-02        -2.8508983002000000e-03        -2.8024628683999998e-03         4.4088621259000000e-03         6.3054635725999994e-02         1.2444239877000000e-02         1.4197644313000000e-02        -1.5309916408000000e-02
2                                     -8.1196718646999996e-02         2.6848287057000000e-03         1.0867634736000000e-02         7.1037534198000005e-04        -9.3620123345000000e-02        -1.7132514807000000e-02        -1.7665465262999999e-02         2.3648043239000001e-02
3                                     -7.7031915202000001e-03        -9.8619385910999995e-04        -5.9735228348000002e-03         7.2565044667999995e-04         2.9242443032000000e-02         1.5415557520000000e-02        -8.9161158049999995e-03        -9.8036085386000005e-02
4                                      5.4202119209999997e-03        -9.1905246345000001e-04        -1.2742533101000000e-02        -1.8345355913000001e-03        -9.6081231934999997e-02        -1.7322763740999999e-02        -1.3733599358000000e-02         7.9552498461000001e-02
5                                     -5.5313267467999999e-03         5.2428885949999996e-04         1.3869927209000000e-02         2.4520016230000002e-03         1.1466397741999999e-01         2.1442730566999999e-02         1.5073377838000000e-02        -1.0098118160000000e-01
6                                      1.1171873867000000e-02        -8.6941645992000000e-04        -9.9384600058000008e-03        -1.7545802628000000e-03        -8.6026920613999996e-02        -1.8458127509000000e-02        -3.1947462096000002e-03         7.4682965975000001e-02
7                                     -7.4380977823000002e-03         3.2675582773000001e-03         2.7941421240999999e-02         3.2438019691000001e-03         1.3268264971999999e-01         2.4220454972000000e-02         9.4653658495999996e-03        -1.2089043189000000e-01
8                                      3.4562291162999997e-02        -2.8652879877000001e-03        -3.2567743573999997e-02        -2.8833962505999998e-03        -1.6190248027000001e-01        -2.9867572621000000e-02        -1.1069603148000000e-02         1.4818210420000000e-01
9                                     -1.6890690686999998e-02         2.6470004935999999e-03         2.8321621169999998e-02         3.6997851729000000e-03         2.1755386333999999e-01         2.5020564982999999e-02         8.9131808014999994e-02         3.4668572596000002e-01
10                                     3.7615237072999998e-02        -5.6314213277000001e-03        -1.2527001731000001e-03        -2.4750067042999999e-03        -2.9148953583000001e-02        -7.8825630898999993e-03         2.4595873194000001e-02        -1.4772964583000000e-02
11                                     2.8325678534000000e-02        -5.3329275027999999e-03         2.5689449810999999e-03        -6.4667446759000000e-04         6.5029375875000003e-02         1.4493775860000000e-02        -1.9898864658000000e-02         4.5024174920999999e-02
12                                     4.5147994938999998e-03        -1.0742988102000001e-02        -9.5040478996999994e-02        -3.9233823486000000e-03        -1.2605205632999999e-02        -7.2926825261000000e-02         7.5823037787999994e-02        -3.4574478019000002e-02
13                                    -1.7561904549000001e-02         7.1174045586000004e-02         1.9884652569000000e-01         5.0500520866000001e-02        -2.5526238972999999e-03        -1.3689644682999999e-02        -4.0542065608999998e-02        -2.3300419523000000e-02
14                                    -3.1666178885999999e-02         2.2137565787000001e-02        -2.8859791150000003e-01         3.9315838297999998e-02        -4.0619400186999999e-03         1.1966104837000001e-02         5.3217994130000001e-02         2.5718911523000001e-02
15                                     7.6417120267999999e-03        -2.0720548604000002e-03        -4.8497977203000003e-02         4.3866915482000000e-03        -6.1582061298999999e-02         4.5714025982999999e-02        -7.6619710438999997e-02        -7.5410420497000002e-02
16                                    -4.9964141708000002e-03        -5.5754328074999998e-02        -3.7758132035000003e-02        -8.8186988750000000e-02        -7.4479451271000002e-02         9.7971385640000005e-02        -3.5649930874999999e-02        -5.7055788524999998e-02
17                                    -1.3100733934000000e-02        -3.4283347133999997e-02         8.0289307460000001e-02        -7.0463454263999997e-02         9.2531901553000007e-02        -1.1608656046000000e-01         3.8385928751999997e-02         6.3380016703000003e-02
18                                     7.1766679780999994e-05         2.7518370651000001e-02         3.1711989586000000e-01        -2.4629516438000000e-03        -4.4883064376000002e-02         1.5491811795999999e-01         3.1440491411999998e-02         3.1172815497999998e-02
19                                     1.9745914153000001e-02        -3.1259856866000003e-02        -1.4395974095000000e-02         6.4356692246999997e-02        -2.4612757389000001e-02        -2.2454037645000001e-02         5.0365119143000001e-02        -1.0464254908000001e-02
20                                     1.7753309403999998e-02        -2.0824598759000001e-02         5.7459265852000001e-02         5.3019950656000001e-02         2.0563650204999999e-02         3.6099358558999997e-02        -5.9914996073999999e-02         1.6904376236000000e-02
21                                     4.7661907938999996e-03        -5.7169034841000003e-03        -1.7004233096999999e-02         7.8537636211999996e-04        -8.1063833480000000e-02        -2.0299731019000001e-02         1.8471911236000001e-02        -6.6709697181999997e-02
22                                    -1.4479317490000000e-03         9.7477523102999994e-02         3.1336700842999998e-02        -4.0665162583999999e-02         1.2541909031000001e-01        -8.4130958578000001e-02        -2.8122427783000000e-02         7.4261595419000001e-02
23                                     9.0081438634000005e-03         6.8749745094999995e-02        -1.0114342260000000e-01        -3.6053682954999999e-02        -1.5117569610000001e-01         1.0475136202000000e-01         3.4896889360000002e-02        -9.7739190761999994e-02
24                                    -4.1130017671000001e-04        -1.4747977662000001e-02        -2.0102334620000001e-01        -8.5820012745000003e-04         5.9764747818000001e-02        -4.0456567261999997e-02        -9.9461114091999994e-02         3.3119969245999997e-02
25                                    -2.8929513008000000e-02        -6.8262149098999997e-02        -1.7910431803999999e-01         1.2200681142000000e-02         4.0034783497000001e-02         3.5492548844000001e-02        -1.2476186849000001e-02         1.5953995671999999e-02
26                                    -1.0054858593000000e-02        -2.2946704304000001e-02         2.4358028312999999e-01         1.0464399453000000e-02        -5.2992321294000000e-02        -4.9450598194000002e-02         7.6847832223000002e-03        -1.5552110660000000e-02
27                                     4.1939626899999999e-01        -1.7732629085999999e-02        -8.2162029168000000e-02        -2.1471107848999998e-03         3.7628454760000002e-01         7.8653793156999996e-02         5.6201294120000002e-02        -2.0941507636000001e-01
28                                     5.2668945833000003e-01         5.0374374864999997e-03        -3.1216252390000002e-03        -1.4753521981000000e-02         5.5455733824000000e-02         4.5491530771000002e-03         4.5743952008000001e-03        -1.5227128124000001e-02
29                                    -2.8111713238000002e-01        -2.3949036609999998e-03         3.2519081472000000e-03         8.4600105677000003e-03        -5.5480238272000000e-02        -6.8604398410999998e-03        -8.2194994363999994e-03         5.4383341651000000e-03
30                                    -2.0537968321000000e-01        -2.0798957787000000e-02        -7.3280057331000001e-02         1.5268499640000001e-02         3.3549973877000000e-01         7.5905969190999997e-02         4.4843809935999998e-02        -2.4995666404000000e-01
31                                    -1.2350461314000000e-01        -1.1749114034999999e-02        -3.8501952186999998e-02         1.0039519990000001e-02         1.9358225380999999e-01         4.2920774295999997e-02         3.0718683042000001e-02        -1.1931474411000000e-01
32                                     4.6285798727999999e-01         9.7197427415000003e-03         9.2101228177000009e-03        -1.7016573521000000e-02        -6.8567860719999998e-02        -1.6828504529000001e-02        -8.0831363334999996e-03         6.1345543697000002e-02
33                                    -1.7722522503999999e-01         1.6342575387000000e-02         8.3693390359000003e-02        -1.6848777537000000e-03        -2.7662388711000002e-01        -6.3511760434999995e-02        -5.0105482616000001e-02         7.8693389353999998e-02
34                                     5.6628772866000000e-03         2.6417978405000000e-02         7.1697045611999993e-02        -1.2057568276000000e-02        -2.7777502336999998e-01        -7.1761656098000004e-02        -6.3259898418000005e-02         5.2295450326999997e-02
35                                     2.5506612461000000e-01        -1.4319268651000000e-02        -8.5358304218000003e-02        -9.7733932223999990e-04         2.9246145429999998e-01         6.7654613823999996e-02         5.5662359271000002e-02        -3.0851509164000000e-02
36                                     5.9374279241999998e-03         2.4163379499999998e-02        -1.3135442825000000e-02         1.8154644950000000e-02        -2.3758213838000000e-01        -4.9858683341999999e-01         3.9904907580999999e-01        -6.3407046832000002e-01
37                                     1.5018529814000001e-01        -2.6752413652000001e-01         3.5128151576000000e-01        -3.0746201121000000e-01        -5.0200373481000003e-02        -1.3499330101000001e-01         5.0358682204999998e-02        -2.0121708212000000e-01
38                                     9.8054769444000003e-02        -2.6330852086000001e-01        -2.2999757948999999e-01        -2.5275333866999999e-01         7.6381991268999999e-02         1.2082070069000000e-01        -1.8018372370999999e-02         1.8959027603000000e-01
39                                     1.4383140764000000e-02        -1.7185916371999999e-02         2.2792948721999998e-02        -3.2876248019000000e-02         4.3112245004000002e-02        -2.0385120002000001e-01        -3.0865659196000000e-01        -8.8420656074000001e-02
40                                     6.2052156515999997e-02         2.6365930324999998e-01        -1.7575631357999999e-01         5.2288912488999995e-01        -1.4984808370000000e-01         2.2695452640000000e-01         6.7297249032000003e-02        -5.2475676705000002e-02
41                                     5.2104068682000002e-02         2.3042722205999999e-01         1.4460910076000000e-02         4.2929073592000000e-01         1.5094927541000000e-01        -2.9272493727999999e-01        -1.0732806096000000e-01         6.5784055231000005e-02
42                                     8.2675668042000005e-03         1.6781754122999998e-02         3.3063153463000000e-01         2.2872845539000000e-02        -8.6766479884000006e-02         1.6229381922000000e-01         1.0879034075000001e-01         9.4326986904000008e-03
43                                    -1.1365038991000000e-01         1.7235499671999999e-01        -7.1010652017999998e-02        -3.6182484979000001e-01        -1.1871427041000000e-01        -5.6440423193000001e-02         3.4826018531000003e-01        -7.6725632555000006e-02
44                                    -8.9636634854999994e-02         1.4193606150999999e-01         1.6720076885000001e-02        -2.9238658282000002e-01         1.7305830224999999e-01         9.1619496861999994e-02        -4.1591518507000003e-01         8.9138050600999996e-02
45                                     1.6428273496000002e-02         4.4781416549000003e-02         2.9713501231000000e-02        -2.1254037997000000e-02        -1.5965527525000001e-01        -4.1241934267000002e-01         1.7480082145000000e-01        -1.9290821320000001e-01
46                                    -2.1952008690000000e-02        -5.4410678894999998e-01         2.4397427090000001e-01         2.6968176678000000e-01         8.4633516778999995e-02        -2.0666342067999999e-01         1.2928492927000001e-02         5.0838072870999999e-02
47                                    -1.1559647855000001e-02        -4.5652835697999999e-01         6.1711488800999997e-02         2.1757441006000000e-01        -1.6732235300000001e-01         2.0524604593000001e-01         3.0371261245000000e-03        -7.0386646210000001e-02
48                                     3.5141179039000002e-03        -2.6119929029999999e-02        -9.4153829795000005e-02         5.2782941809000001e-03         1.2406560226000000e-01        -2.7223226159000002e-01        -4.8924885743000002e-01        -1.8703801432000000e-01
49                                     1.0040358390000000e-01         2.7497615178000001e-01        -3.5563413953000000e-01        -1.0131314725000000e-01         4.8504183356999998e-02         1.5045204698000000e-01         1.6494607230000000e-01         1.1605642168999999e-01
50                                     1.0593560715000000e-01         2.6191471913999997e-01         2.2591107267999999e-01        -8.0882348426000006e-02        -4.4433887686000000e-03        -1.9385240381999999e-01        -2.4223534561999999e-01        -1.8167981443000000e-01
                                                        32                          33                          34                          35                          36                          37                          38                          39

0                                     -1.1150891969000001e-03         4.5930377421999997e-03         6.4189883082999999e-02        -4.1377570779999998e-02         1.1606602482000000e-02        -1.7387385908000000e-02        -3.3463715494999997e-02        -5.9393743176000000e-03
1                                     -3.3633952049999999e-04        -1.3734668065000001e-03         5.3469378254000000e-02        -4.8210574773000003e-02         1.6606466797000001e-03         3.8625682478000002e-02         3.3595265691999998e-02         7.3077342589000002e-04
2                                     -7.2663457450000004e-05         7.8928452913999995e-04        -3.6871535178000001e-02         3.7099006799000002e-02        -2.1377725876999998e-03         5.0884576500999999e-02        -4.0350695813000000e-02        -1.7474529027000001e-03
3                                      1.7954695242000001e-03        -1.1765865731000000e-02         9.4561610552000002e-03        -1.0424602381000000e-02        -2.6169845624999999e-03        -1.0372615427000000e-03        -5.0677114338000002e-03        -2.1606503640999998e-03
4                                     -4.2433741349000000e-04         2.7734446010000001e-03         3.7344440545000000e-03         6.0702928941000003e-03         3.9798830523000003e-03         1.1541965956000000e-03         2.0323606658000002e-03         8.1489330802000000e-03
5                                      6.5905015072999999e-04        -4.1142374074999996e-03        -2.8759385165999999e-03        -8.3551903826000005e-03        -4.2199051392999998e-03         3.5545190419000001e-04        -3.3007278159000002e-03        -9.7248978211000002e-03
6                                     -7.7972314905999998e-04         3.9353583005999997e-03        -4.6199293185999997e-03         3.6620469164000001e-03         4.9590298656000003e-04         3.7146921994000000e-04         2.3420674082999999e-03        -3.7370477524000000e-04
7                                      8.2641372253000004e-04        -3.1886693315999999e-03         3.0200593407000002e-03        -7.3084509817000001e-03        -4.0844254010999996e-03         1.6889324932999999e-04         4.1792335104000002e-04        -3.1942810987000002e-03
8                                     -1.0774710963000001e-03         3.9836243901999998e-03        -3.9694360894000002e-03         8.6786108946999996e-03         4.5644658848999998e-03         2.6725495452999998e-03         4.6582600052000003e-04         3.6968244528000002e-03
9                                     -9.3755108417999996e-03         4.6110979614999999e-02        -2.2594319710000001e-02        -4.0187367547999996e-03        -3.1873562687000000e-02        -2.2907035611000001e-03         6.4449587701999999e-03        -1.3994179016999999e-02
10                                    -3.2638746850999998e-04        -4.5189679904000003e-03        -6.3244675340000001e-02        -9.0884448463999998e-02        -1.2185829999000000e-01         1.7263917665999999e-03         6.4863191825000003e-03        -8.8924468938999995e-02
11                                    -4.9084767504000001e-04         8.2671938327999999e-03         7.6678368632000005e-02         1.0978500732000000e-01         1.4441539333000000e-01         2.6324741795000000e-03        -7.9310444580000007e-03         1.0766182113000000e-01
12                                    -7.1318390793000000e-04         4.4312757900999998e-02        -2.1567853588000001e-02        -9.7579074196000003e-03         2.4275928527000001e-01         4.0363395063000001e-03         4.5961970554000003e-03        -1.1045987443999999e-01
13                                    -4.2202405054999996e-03         8.5644175828000005e-03         9.4719269238000003e-03         1.2279937292000000e-02         7.3441642488000003e-02         5.5726112862999997e-04        -5.5714823291999997e-03         3.6136318163000003e-02
14                                     5.3196727285999999e-03        -7.4892065491999997e-03        -1.3333704009999999e-02        -1.5658512158000001e-02        -7.0079580059999994e-02        -1.6103942673000001e-03         6.9652403813000004e-03        -5.2614002787999999e-02
15                                     3.3561726462000001e-02        -4.3476514373999998e-02        -1.0774047268999999e-02        -4.0598584100000001e-02        -1.1963975168000000e-01        -1.7164023876000000e-03        -1.7234505923000000e-02         1.5908853419999999e-01
16                                    -1.5782206165000000e-02         1.3126773537000000e-02         2.1623680414999999e-02         3.1173487775000001e-02         5.4120379849999997e-02        -2.3159367584000002e-05         3.1166239250999999e-03        -6.0284310413999996e-03
17                                     2.1513406576999999e-02        -1.9221732774000001e-02        -2.7319412574000002e-02        -4.0908329418000003e-02        -7.4186289835999994e-02        -6.6252130651000001e-04        -5.0182300448999998e-03         1.8917795502000002e-02
18                                     6.9016832224999998e-03        -9.2572427065999996e-03         9.3096095492000005e-04         2.4085226445999999e-03        -5.1996877900000002e-02        -1.6378777562000000e-03         2.7231449266000001e-03        -8.8761868165000007e-03
19                                     3.6973271568000003e-02         2.1961850567000000e-03         1.0217504467000000e-03        -4.9897279350000004e-03        -1.6486144138000000e-01        -1.6652507936000000e-03         5.9248949571999998e-03        -7.1958816243000004e-02
20                                    -4.4806622226999999e-02        -3.1985236360000001e-03        -1.1370205635000000e-03         6.0540227895000001e-03         1.9726812887000000e-01         2.1397418425999999e-03        -7.0643509616999996e-03         8.7785118159000003e-02
21                                    -3.2626683413999998e-02        -5.5244843789999998e-02         2.5719903301000002e-02         4.5872982547000000e-02         1.5080646467000000e-01         2.5388716863000002e-03         1.7899806276000001e-02        -1.7802177999999999e-01
22                                    -1.1174429551000000e-02        -4.0861795538000003e-03         1.4602286597999999e-02         2.7766953965999999e-02         4.8152570016999997e-02         9.7044531725000004e-04         1.5375919215000000e-05         6.3797192723000001e-03
23                                     1.1693015822000000e-02         1.4408576170000000e-03        -1.6241243026000000e-02        -3.0774360083999999e-02        -4.8473954062000002e-02        -1.7443742555000000e-03         1.2961602003000001e-03        -2.0595975632000000e-02
24                                    -2.4379226867000002e-03         5.6947255964999999e-02         1.6561965024000001e-02         1.3703000420000000e-02        -1.8226728612000001e-01         5.5940375781000002e-05        -1.1766237770000000e-02         1.2024044131000000e-01
25                                    -4.8708513149000000e-03        -1.7496355928000001e-02         9.2640430832000003e-03         1.2151271559999999e-02         9.2833516411000003e-02        -1.3877715680000000e-03        -2.5318942929999999e-03         2.6778334789000002e-02
26                                     6.0355410379000001e-03         2.5867176491999998e-02        -1.1045410824000000e-02        -1.3887565609999999e-02        -1.2632998079999999e-01        -4.4156781582000002e-05         1.9950128770999998e-03        -2.4806585403999999e-02
27                                     2.7492003826000001e-03        -1.5999449822000002e-02        -3.1152566702000001e-01         2.1387734487000001e-01        -6.6643185034000005e-02         4.4005928849999998e-01         3.6545162949999999e-01         9.2979738869999995e-02
28                                     1.2611685581000000e-03         2.2347455840999999e-03        -2.5577040306999999e-01         2.2661417890999999e-01        -4.5800924277999998e-02         1.4770182046999999e-01        -5.5060340517999995e-01        -9.9320902059000002e-02
29                                    -3.5202326517000003e-04        -1.7537385650999999e-03         6.4754069996999994e-02        -5.9309855970999997e-02         1.3515124032000000e-02         2.4502721758000001e-02         2.4019034679000001e-01         4.8237244732000001e-02
30                                     3.6505141064999999e-03        -1.5097459478000000e-02        -4.4217606068999998e-01         3.2992315165000002e-01        -5.4952545334000000e-02        -3.9311798714000001e-01         1.6491898006999999e-02         1.6022767564000000e-02
31                                     1.4720856076000000e-03        -8.1548283169000004e-03        -1.2760396717000000e-01         8.4370633791999994e-02        -2.3333767466999999e-02        -9.9618258139999999e-02         3.8238636797999999e-02         5.8488361147999999e-03
32                                    -1.0086267292000000e-03         3.9846163349999998e-03         1.3087703597000000e-01        -1.2296509933999999e-01         4.4134222163000003e-02        -3.0029282058000001e-01         6.2282191092000005e-01         1.2492611887000001e-01
33                                    -9.3935851983999999e-04         1.1049891326999999e-02        -1.7766086466000000e-01         1.5994820793000000e-01        -6.7740145641000003e-03         1.9380995651999999e-01         1.1429158354000001e-01         5.3455038295999999e-02
34                                     1.7712876697000000e-03         1.9010934959000001e-02        -3.7626789067999999e-01         3.1626686646000002e-01        -1.3015969885000001e-03        -5.6539110566999995e-01         4.9766981322999997e-02         4.5232421093999997e-02
35                                    -7.9882209203999995e-05        -9.5027279446999995e-03         3.4071964575000002e-01        -2.7688974148000001e-01         2.9772687204000000e-02        -4.0869936062000001e-01        -2.9215258706000002e-01        -9.9284216783000007e-02
36                                    -1.7966456817000001e-01         4.1296095524999998e-01         2.8881371366000003e-01         3.2743928020000002e-01        -3.7389073420000002e-01        -8.0932564888000005e-03         3.3219534529999998e-03         1.5847024413999999e-01
37                                    -5.5277352888000002e-02         1.1230459297000001e-01         9.9809358365999995e-02         1.0845786415000000e-01        -1.0547811025000001e-01         1.9565691620000001e-04        -6.9196789938999999e-03         1.2534145660000001e-01
38                                     5.2384645628999998e-02        -1.0371790325999999e-01        -9.7279436526999996e-02        -1.0717115717000000e-01         8.9524715514000000e-02         3.8771033371000001e-03         9.1044106994999999e-03        -1.3997428761000000e-01
39                                     3.8778443751000002e-01        -4.0028572434999998e-01         2.0273362196000000e-01         2.6848053752000001e-01        -1.8226049519000001e-01        -4.5970125058000001e-03         3.8288079730000001e-02        -2.1921765728000001e-01
40                                    -1.8347616998999999e-01         1.7834221981000001e-01        -7.6414661551000004e-02        -1.1213352100000000e-01         8.2378674634000004e-02         2.0630300409000000e-03        -2.4346621188000000e-02         1.8920291469000000e-01
41                                     2.5382457188000002e-01        -2.5025086012999997e-01         1.0875564829000001e-01         1.5727123911999999e-01        -1.1458904502000000e-01        -1.7538104213000001e-03         3.2950774176000001e-02        -2.4767695583999999e-01
42                                     1.0603561777000001e-01        -1.3530612438000000e-02        -1.3585456975000000e-02        -1.6991725626000001e-02         7.5078403884000000e-02        -1.0599111960000001e-03        -9.0520144192999998e-03         1.1107415833000001e-01
43                                     4.2562073239999998e-01        -7.4105851826000001e-03        -5.9517706157000000e-02        -8.3984139604999994e-02         3.4088423950000002e-01         3.1498524924000000e-03        -4.0912448843000000e-02         3.8742697850000002e-01
44                                    -5.1203972522999996e-01         7.9476239189000004e-03         7.3220355890000005e-02         1.0110320198000000e-01        -4.1288429926999998e-01        -1.0647533927000000e-03         4.9018773010000002e-02        -4.6492384863000003e-01
45                                    -4.3530687402000001e-01        -5.4905977664000005e-01        -1.9164029941999999e-01        -2.8972529739000003e-01         1.1218646212000000e-01        -7.1802668097000000e-03        -4.0537585872000001e-02         3.7158533425000001e-01
46                                    -1.2236306940000000e-01        -1.3777152294000000e-01        -4.2967539822000002e-02        -5.9994160203000003e-02         4.2986196694000001e-02        -2.5741727230000002e-03        -1.6741252522999999e-02         1.6534105951000000e-01
47                                     1.1366814108000001e-01         1.2407126382000000e-01         3.7469263597999999e-02         5.3311265601000003e-02        -3.8629864320999997e-02        -5.0811935128999997e-05         1.7514969995000001e-02        -1.7689323529000001e-01
48                                     1.4013116672000001e-01         3.5760389633000000e-01        -2.0756345831000000e-01        -3.1714332826000002e-01         3.4151676411999998e-01         2.7054777586000001e-03         2.7594579333000001e-03        -5.7369654912000002e-02
49                                    -7.1760895414000006e-02        -1.5340726372999999e-01         1.2141814476000000e-01         1.6677069825999999e-01        -1.5534947062999999e-01         1.2711576331000000e-02        -8.7167961389999996e-03         1.2691444577000000e-01
50                                     9.9376879035000004e-02         2.1993288155999999e-01        -1.5527148685000000e-01        -2.3350633054000000e-01         2.0694087964999999e-01         1.4964263619999999e-02         1.5208806641000000e-02        -1.5932599303000000e-01
                                                        40                          41                          42                          43                          44                          45                          46                          47

0                                     -1.0273534741000001e-03        -3.7189004226999998e-03        -2.9701968205999999e-03        -2.0095846633999999e-02         1.2272778640000001e-02        -7.3190058973999994e-02        -1.0629634389000000e-03         1.2715164457000000e-03
1                                     -4.5126856834999999e-04         4.2157417159000002e-03        -1.8927366989000001e-03        -2.2191349241999999e-02        -7.5627846334000007e-02         2.9376620079999999e-02         6.7918467715000002e-04        -9.5276831815999997e-04
2                                      1.1684609922000000e-03        -5.2444296893999999e-03         1.0412388215999999e-03         3.1901090181000000e-02        -5.9548314061000002e-02        -5.1670325043000002e-02        -2.4266348800000001e-04         7.0550885793999995e-04
3                                     -5.6832320038000001e-03         1.4274663206000000e-03         2.9405206337999997e-04        -5.4115134427000001e-04        -3.5438739088999998e-05        -8.6617342831999999e-05         7.9499353241000001e-05         1.4292053786000000e-05
4                                      1.6503349526000000e-03        -8.9047279894000006e-03         2.1938016161000000e-03        -7.6775870434999993e-05         3.0028620056000001e-04        -9.4393254915000000e-05         9.9382412009999998e-06        -7.0458909655000002e-05
5                                     -2.0946472385000000e-03         1.0179100151000001e-02        -2.4371917976999998e-03        -1.8623123660000001e-04         2.4478617465000001e-04         5.6068789464999998e-05         3.7678825434999999e-07         7.4058055844999999e-05
6                                      2.3736332245000002e-03         2.4658165011999999e-03         2.9522569612000001e-03         2.9548744742999999e-04        -5.3883694086000000e-06         2.5392022529000001e-05        -2.2809163510000002e-06         4.5902632178000000e-05
7                                     -3.7990409338999999e-03         4.5308008044000004e-03        -5.6822451062999999e-03        -8.6864349523999994e-05         1.4321675559000000e-05        -1.2183683534000001e-05        -3.7175508822999999e-05         5.7488375267999996e-06
8                                      4.4037230469000004e-03        -4.8137252475000001e-03         6.7243073114000001e-03         1.4325061901000001e-04        -1.6310522605000001e-04         5.9942343386000003e-05         4.8322095140000000e-05        -1.2824381431000000e-05
9                                      1.2172141509000001e-01         3.3506775077999998e-02         1.3347854846000001e-01         6.9551601602000000e-05        -1.0230262077000000e-04         1.1692064526000000e-04         1.7990864478000000e-05        -1.6755753766000000e-04
10                                    -7.9508505031999997e-04         1.9681428316999999e-01         1.0359081170000001e-03        -8.7198017636000002e-05         7.5228492905999998e-05         2.8073297080000002e-04         2.7126180136000000e-05        -5.7316628498000000e-05
11                                     1.0435663739000000e-02        -2.3786756742000001e-01         9.1618828423000002e-03         9.0168446673000001e-05         2.3763190603000000e-04        -3.9330768270999999e-04        -4.7912497582000002e-05         8.6393732567000006e-05
12                                    -1.0852300521000000e-01        -1.1188115468000000e-01        -3.0553046463000000e-01         1.0787148876000000e-04         8.3914718117999998e-05         2.3987691828000000e-04         1.8037700943000000e-03         2.5942924747999999e-03
13                                    -5.9988516057999999e-02        -1.1253213448000000e-01        -2.3250195498999999e-02         2.8512910661999999e-05        -6.9733385048000000e-05        -3.3784317529000001e-04        -4.6086663996999996e-03        -7.5704509169999996e-03
14                                     6.4803467116000005e-02         1.2890885501999999e-01         4.7997013381000002e-03         5.3430629228000003e-06        -4.5987549691000002e-06         4.0380019319000002e-04         5.7920481170000001e-03         9.4666699915000006e-03
15                                    -6.8338261540000000e-02        -5.5532287850999999e-02         2.9880177440000000e-01        -2.2916388090000000e-04        -1.6020410256000002e-05         3.0313663832999999e-04         2.7367661259000000e-02         4.0136314261999997e-02
16                                     7.2054848288000004e-02         1.4458377483000001e-01        -7.3738092052000007e-02        -7.3406675931999996e-05         6.1429298657000002e-06         2.8716781625999998e-04         2.1457615345000000e-02         3.2876862849000002e-02
17                                    -9.3082232491000005e-02        -1.8056696309000000e-01         1.1199200736000001e-01         8.8388426090000002e-05        -4.8292238958999999e-05        -3.1350899006000001e-04        -2.4221581446000000e-02        -3.7222975736000002e-02
18                                     8.7732137853000006e-02        -5.7064386464000000e-02        -1.6412710739000000e-01         5.7918596762000001e-05        -3.0502974831000001e-05         6.9743078133000002e-04        -4.8269216506000003e-02        -5.3484573720000003e-03
19                                    -1.1200386320000000e-02        -2.4524009861000001e-01        -6.3764641089000002e-03        -6.2096495494999994e-05        -5.2874290717000002e-05        -1.0766214515000000e-05         3.4252307454000000e-03        -2.0470063105999998e-03
20                                     1.9861667228000000e-02         2.9538169235000000e-01        -4.1885973978999999e-03         6.5899134023000001e-05         4.9724119963999997e-05         6.9354369644000007e-05        -7.7518121163000003e-03         2.1452226527000000e-03
21                                    -7.7898662177000005e-02         9.2787622474000006e-02         3.2502684877999999e-01         1.8614729592999999e-04         4.6671116866999999e-05        -2.8575057271999999e-04         1.9037892322999999e-02        -1.9014216200999998e-02
22                                    -5.6122668135999997e-02         1.3065264890000000e-01         4.9113192057000002e-02         1.2270586795000001e-04        -1.4227702313000001e-04         4.4503779027999998e-04        -2.9968894732000002e-02         3.2002566460999998e-02
23                                     6.3272193633000004e-02        -1.5362672735999999e-01        -3.6981278403999999e-02        -1.7278238859000001e-04         3.6926731227000003e-05        -5.4222196129000003e-04         3.8295214486999997e-02        -4.0799524456999997e-02
24                                    -9.2143511460999999e-02         9.3421569903999996e-02        -2.6196853664999997e-01        -9.6038854104000000e-05         1.3741060001999999e-03        -2.1040024461000000e-03         6.0130210789999996e-03        -7.0020602723000003e-03
25                                     7.0053561932999997e-02        -1.3485594952999999e-01         4.5850215695000002e-02        -1.6378223682000001e-04         9.5870839146000001e-04        -1.6874638277000001e-03         6.0801563894999997e-03        -7.5018040778999998e-03
26                                    -9.2515983097999993e-02         1.7228684079000001e-01        -7.4128717504000005e-02         2.3113147115999999e-04        -1.1870954612000001e-03         2.0154585697000002e-03        -7.2252028618000003e-03         8.9370713420000008e-03
27                                     2.8947422473999999e-03        -1.5444184967999999e-02         1.7493656010999999e-02         4.6620448389000001e-02        -4.7283461483999999e-02        -2.6847643223000001e-02         1.9053493219999999e-04         4.0396046652000001e-04
28                                     3.1549837961999998e-02         5.1870445131000000e-03         2.5810027746000001e-02        -2.5988430446999999e-01         2.6163963646999999e-01         9.1947188296999993e-02        -6.6306713060999996e-04        -8.3178628262000004e-04
29                                    -1.2321490665000000e-02        -6.0054041919000000e-03        -7.5298140866999997e-03        -6.0943850258999999e-01         6.5089398459000003e-01         2.0268443660999999e-01        -2.6418957075000000e-03        -1.4543438420000000e-03
30                                     1.1181463236000001e-03         3.0610617656999998e-03         2.1557065669000001e-02        -1.9331947091000001e-01        -2.2888065508000000e-01         1.2903157534000001e-01         2.4768366562000002e-03        -3.7459731074999999e-03
31                                     1.9399355374000000e-03         5.9262520411000000e-03         6.6975222552000000e-03         5.5710214903999999e-01         6.4952507792000003e-01        -3.9064097855000002e-01        -6.5863625308000004e-03         1.1199324036000000e-02
32                                    -3.4641174029000001e-02        -1.5900831646000001e-02        -1.8716528047999999e-02         8.3903987233000001e-03        -8.8766372218999998e-03        -6.4905586809999999e-03        -1.1466510733000000e-04         5.2683267825000001e-05
33                                    -2.1854816729000000e-03        -3.1426253326999998e-02         3.0700691806000002e-03         3.9822932333000000e-01         1.3100409179000000e-01         7.6881381467999999e-01         1.0239046787000000e-02        -1.2340008406999999e-02
34                                    -9.6895330555000006e-03        -2.6201623199000001e-02         7.5581635458000004e-03        -2.7434070574000002e-02        -2.0149104580000000e-02        -5.0090986496000002e-02        -7.9755090909999998e-04         9.1566291346999997e-04
35                                     1.7877977364000000e-03         3.8479095950000000e-02        -7.5362145657000001e-03         2.2315109010000000e-01         6.1397041493000001e-02         4.1969368381000000e-01         5.7802477048000001e-03        -6.8105951305999996e-03
36                                     4.4008472582000002e-01         2.4874521769999999e-01         2.6080282226000001e-01        -4.7326634048999998e-04        -4.1127695452999999e-04        -1.9776823909000000e-03        -3.4264820708000000e-02        -5.4462916904000000e-02
37                                     9.0470231553000005e-02        -2.0249388816999999e-02         1.5305633413000000e-01         6.7539826243000005e-04         5.6131429700999997e-04         2.8568204881999999e-03         5.7000293416999998e-02         9.0981577660999999e-02
38                                    -7.3704805245999996e-02         4.4999425292000003e-02        -1.6178200734000001e-01        -9.2222497921000000e-04        -6.6316576661999997e-04        -3.6459626938999999e-03        -7.2168605755999995e-02        -1.1545042765000001e-01
39                                     3.7929160561000003e-01         2.6319475780000001e-01        -2.4967190899000000e-01         1.8053676369000000e-03        -2.6382421278999999e-04        -3.5058080155000002e-03        -3.1226266065000002e-01        -4.5788541084000001e-01
40                                    -1.3281544894000000e-01         1.3778557669000000e-02         1.9525723916000001e-01         1.6178716894000001e-03        -1.1413353160000000e-04        -3.1009158329999998e-03        -2.5661887410000001e-01        -3.7771149434000001e-01
41                                     1.8969237324999999e-01         6.0445632717000004e-03        -2.5519895892000000e-01        -1.8421908310000000e-03         2.4041076163999999e-04         3.5649955610000000e-03         2.9043507729000001e-01         4.2762450650000000e-01
42                                     1.0889469740000000e-01         8.5578577737999997e-02        -1.7880203573000000e-01        -1.6639416866000001e-03         2.6116121753000002e-04        -7.2581612046000001e-03         5.7397415285999998e-01         5.6489483684000003e-02
43                                    -1.3932163696000000e-02         3.0818728092999997e-01         3.7624042067999998e-02         3.1099186933000001e-04         2.8943706161999998e-04         4.0588873968000000e-04        -3.8816533145999997e-02        -1.0906913974000000e-03
44                                     2.5204920272000001e-02        -3.7052296112999999e-01        -5.7585150719000000e-02        -4.1219495390000001e-04         2.3328348055000000e-04        -1.0755550083000000e-03         9.0003476447000005e-02         5.5602667161000000e-03
45                                     4.0042100788000001e-01        -2.2090925120999999e-01        -3.4832991020999998e-01         5.9255354284999999e-05        -8.4178167278000000e-04         3.5953200887999998e-03        -2.1247852441000001e-01         2.1834990355000000e-01
46                                     6.4881510069000004e-02         6.3066012722000006e-02        -1.3522507496000000e-01        -5.1278054465000002e-04         1.4406334826000001e-03        -5.9656190198000003e-03         3.5493275157999998e-01        -3.6640346321000000e-01
47                                    -4.9470903548000003e-02        -9.1004855369999998e-02         1.4098622138000000e-01         5.9603987573999997e-04        -1.8139208443000000e-03         7.6235345005000003e-03        -4.5229616115999999e-01         4.6703439121000001e-01
48                                     4.6261428724999998e-01        -3.1628478317999997e-01         1.4705416887000000e-01        -4.2782666773000000e-04        -1.4766073265000000e-02         2.4911001472000000e-02        -8.8850869723000006e-02         1.0342136909999999e-01
49                                    -1.8605890422999999e-01         5.6573804955000001e-02        -1.6004723269999999e-01        -8.2640947683000003e-04        -1.1051109420000000e-02         1.9933305634000000e-02        -7.3522963504999997e-02         8.8031832300999993e-02
50                                     2.6066261199000001e-01        -8.3072719188999999e-02         1.9878177080000001e-01         3.3229216033999999e-04         1.3861814078999999e-02        -2.4172865916000000e-02         8.5434226325000001e-02        -1.0330848765000000e-01
                                                        48                          49                          50

0                                     -1.6751776034000000e-03         2.0373913652000000e-03        -1.1419938220000000e-04
1                                      1.9144583633999999e-03        -1.9021232450999999e-03         3.1912816600000000e-04
2                                     -1.6105132526000000e-04         6.3331416978000001e-04         7.6078421410999994e-05
3                                      1.0007650608000000e-04        -2.5336065067000002e-05         6.0378939703000001e-05
4                                      2.1623896592000001e-05        -1.4963066188999999e-04        -1.3599776177000000e-04
5                                     -6.2327908205000002e-06         1.4912042279000001e-04         1.6601535826000000e-04
6                                     -1.3757054962000001e-04         1.6763603044000000e-04         1.9958415334000000e-04
7                                      7.8571729838000003e-05         3.8952307854999999e-05        -1.2492187461000001e-05
8                                     -1.0757082046999999e-04        -1.8524718859000000e-05        -3.7692857745999999e-06
9                                      8.9386734900000003e-04        -7.3210870377999997e-04         1.8678018421999999e-03
10                                    -1.1215273510000001e-03         1.5609530755000000e-03         1.3886562614000000e-03
11                                     1.4151641055000000e-03        -1.9407196527000000e-03        -1.5590086864000000e-03
12                                     9.7457687978999997e-04         6.2611612928999997e-03         3.1579041852000000e-02
13                                    -4.7197959203999999e-03        -1.0930690664999999e-02        -4.8107734239000000e-02
14                                     5.8493060221999999e-03         1.3886879689999999e-02         6.1331093420000003e-02
15                                     1.6247390491000002e-02         1.0300025666999999e-02        -1.7286556783000000e-02
16                                     1.5669097190000002e-02         1.1294210387000000e-02        -1.1291598437000000e-02
17                                    -1.7983341760000000e-02        -1.3013582987000000e-02         1.2475282585999999e-02
18                                     5.3191076256000003e-02         4.7115536606999998e-02        -1.0126301153999999e-02
19                                    -4.3574545125000001e-03        -2.1558548712000002e-03         1.4495400951000000e-03
20                                     9.2701374095999992e-03         6.1205831728999996e-03        -2.4801943109000000e-03
21                                     4.0284243202999998e-04         1.4036513250000000e-02        -2.3261158631000000e-03
22                                    -8.0553942868000009e-03        -2.3701996959000000e-02         4.1187372022999996e-03
23                                     9.9501073066000003e-03         3.0204568623999999e-02        -5.2126062326999997e-03
24                                     3.7700461650000003e-02        -3.8064890233999997e-02         5.5413348991000004e-03
25                                     3.1336548562000001e-02        -2.8972673266000001e-02         4.4874428252999997e-03
26                                    -3.6644439115000003e-02         3.3684665811999998e-02        -5.1919029747000004e-03
27                                     2.0100006362000001e-04         6.9027509109999995e-05         3.8167365328999998e-05
28                                    -1.9906838360000002e-03         9.1794228012000005e-04        -3.1594033837000000e-04
29                                    -5.8949809173999999e-03         3.2453125933999999e-03        -5.4840817259999995e-04
30                                     7.1884439498999999e-03        -7.3333491792999996e-03         1.2002969059000000e-03
31                                    -1.9829136013000001e-02         2.0088502219000000e-02        -3.0595064449000001e-03
32                                     2.1395553772000000e-04        -2.6357234007000000e-04         7.9193161796000004e-05
33                                     1.5031590560000000e-02        -1.9646567843999999e-02        -1.0834177903000001e-03
34                                    -1.6361044394000001e-03         1.7513663344000000e-03        -2.4272128814000000e-04
35                                     8.9361272913999999e-03        -1.1146397943000000e-02         6.4117611500000006e-05
36                                    -3.0827632619000001e-02        -7.7746761969000003e-02        -3.4136144738000002e-01
37                                     5.3208237221000002e-02         1.2724906414000001e-01         5.4829899701999996e-01
38                                    -6.6990693781999996e-02        -1.6215379214000000e-01        -6.9725581415000004e-01
39                                    -1.9401045772000000e-01        -1.3360337736000000e-01         1.5750543593999999e-01
40                                    -1.6191601267000000e-01        -1.1382920822000001e-01         1.2783988417000000e-01
41                                     1.8367355285000000e-01         1.2911725850000000e-01        -1.4467681561000001e-01
42                                    -5.9597367444000005e-01        -5.1345041816000003e-01         1.0660327276999999e-01
43                                     4.1201595894999998e-02         3.3771193278000003e-02        -7.7411177219000003e-03
44                                    -9.4822295910000007e-02        -7.9341097459999996e-02         1.7318078862000000e-02
45                                    -4.5260633926000000e-02        -1.4925856157000000e-01         2.4744133251999999e-02
46                                     8.3124006937000006e-02         2.5187438857000000e-01        -4.2372372996000003e-02
47                                    -1.0532632908000000e-01        -3.2156453113000000e-01         5.4045701712000002e-02
48                                    -4.4108375136000000e-01         4.1112499325000001e-01        -6.1584383191999999e-02
49                                    -3.5950202316000002e-01         3.3539397115000003e-01        -5.0270434327999998e-02
50                                     4.1937892035000002e-01        -3.9138351986999997e-01         5.7500850940000001e-02
$End
$Calculation_Info
   &GeometryIndex 4
   &Mult [&Type "Integer"] 1
   &Charge [&Type "Integer"] 0
   &NumOfAtoms [&Type "Integer"] 17
   &NumOfElectrons [&Type "Integer"] 74
   &NumOfBasisFuncts [&Type "Integer"] 170
   &NumOfAuxCBasisFuncts [&Type "Integer"] 0
   &NumOfAuxJBasisFuncts [&Type "Integer"] 531
   &NumOfAuxJKBasisFuncts [&Type "Integer"] 0
   &NumOfCABSBasisFuncts [&Type "Integer"] 0
$End
$Calculation_Timings
   &GeometryIndex 4
   &GTOINT [&Type "Double"]       8.4680000000000195e+00
   &SCF [&Type "Double"]       1.6342600000000010e+02
   &SCFGRAD [&Type "Double"]       1.2080500000000001e+02
   &GSTEP [&Type "Double"]       1.8700000000009184e-01
   &FREQ_NUM [&Type "Double"]       6.0643950000000004e+03
   &PROP [&Type "Double"]       1.1299999999994270e-01
   &SUM [&Type "Double"]       6.3573940000000011e+03
$End
